SUBJ_CODE,CRSE_NUMB,SEQ_NUMB,CRN,EXAM_DATE,EXAM_TIME,BLDG_CODE,ROOM_CODE
MUSI,317,001,10129,12/7/2022,1400,TBA,TBA
MUSI,317,002,10250,12/7/2022,0900,TBA,TBA
MUSI,421,001,10139,12/7/2022,1400,TBA,TBA
MUSI,403,001,10138,12/7/2022,0900,TBA,TBA
RELI,312,001,14286,12/7/2022,1900,TBA,TBA
MUSI,321,001,10130,12/7/2022,1400,TBA,TBA
STAT,280,S01,10114,12/7/2022,0900,HRZ,212
STAT,280,S02,10259,12/7/2022,0900,HRZ,212
ENGL,300,002,13982,12/7/2022,0900,TBA,TBA
CHBE,470,002,13499,12/7/2022,1400,DCH,1064
POLI,372,001,13023,12/7/2022,1900,BRK,101
MATH,355,001,10060,12/7/2022,1900,ABL,131
MATH,381,001,10061,12/7/2022,0900,TBA,TBA
MATH,466,001,14598,12/7/2022,1400,TBA,TBA
CEVE,500,001,14332,12/7/2022,1900,SEW,309
POLI,466,001,14067,12/7/2022,0900,TBA,TBA
BIOE,385,004,13924,12/7/2022,0900,TBA,TBA
HIST,246,001,14007,12/7/2022,1900,TBA,TBA
POLI,420,001,14065,12/7/2022,1900,KCK,105
SOCI,304,001,14095,12/7/2022,1900,TBA,TBA
MATH,368,001,14343,12/7/2022,1900,KRF,110
CEVE,481,001,15035,12/7/2022,1900,TBA,TBA
ANTH,201,001,13893,12/7/2022,1900,TBA,TBA
THEA,303,001,14260,12/7/2022,0900,TBA,TBA
CEVE,310,001,10311,12/7/2022,1400,TBA,TBA
MATH,566,001,14602,12/7/2022,1400,TBA,TBA
BIOE,422,001,12153,12/7/2022,1900,BRC,284
CEVE,510,001,10312,12/7/2022,1400,TBA,TBA
BIOE,443,002,12706,12/7/2022,0900,TBA,TBA
RELI,428,001,14086,12/7/2022,0900,TBA,TBA
ARTS,280,001,10513,12/7/2022,0900,TBA,TBA
FILM,280,001,10512,12/7/2022,0900,TBA,TBA
HART,280,001,10514,12/7/2022,0900,TBA,TBA
RELI,559,001,14087,12/7/2022,0900,TBA,TBA
COMP,215,004,11950,12/7/2022,1900,TBA,TBA
COMP,215,002,13527,12/7/2022,1400,TBA,TBA
COMP,215,003,14283,12/7/2022,0900,TBA,TBA
ARCH,101,001,10368,12/7/2022,0900,TBA,TBA
ARCH,101,003,14900,12/7/2022,0900,TBA,TBA
ARCH,101,002,14901,12/7/2022,0900,TBA,TBA
ENGL,290,001,13980,12/7/2022,1400,TBA,TBA
COMP,310,001,14624,12/7/2022,0900,BRK,101
COMP,310,002,14625,12/7/2022,0900,BRK,101
HIST,101,001,12915,12/7/2022,1400,TBA,TBA
BIOE,447,002,12708,12/7/2022,0900,TBA,TBA
THEA,308,001,14119,12/7/2022,1900,TBA,TBA
FILM,308,001,14221,12/7/2022,1900,TBA,TBA
RELI,344,001,14083,12/7/2022,0900,TBA,TBA
BIOE,464,001,14515,12/7/2022,1400,BRC,282
UNIV,110,001,10401,12/7/2022,1900,TBA,TBA
ARCH,201,001,10041,12/7/2022,0900,TBA,TBA
ARCH,201,002,11513,12/7/2022,0900,TBA,TBA
ARCH,201,003,13922,12/7/2022,0900,TBA,TBA
ARCH,301,001,10042,12/7/2022,0900,TBA,TBA
ARCH,301,002,11514,12/7/2022,0900,TBA,TBA
ARCH,401,001,10044,12/7/2022,0900,TBA,TBA
ARCH,401,002,11515,12/7/2022,0900,TBA,TBA
CHIN,401,001,12162,12/7/2022,1900,TBA,TBA
HEAL,119,001,13297,12/7/2022,1900,TBA,TBA
ENGL,342,001,14225,12/7/2022,1900,TBA,TBA
SWGS,372,001,14328,12/7/2022,1900,TBA,TBA
MECH,412,001,14796,12/7/2022,1900,DCH,1070
MECH,500,001,14037,12/7/2022,1900,SEW,309
MECH,502,001,14797,12/7/2022,1900,DCH,1070
SPAN,322,002,12560,12/7/2022,1400,TBA,TBA
SPAN,321,001,10559,12/7/2022,1400,TBA,TBA
SPAN,321,003,11293,12/7/2022,1400,TBA,TBA
MDEM,211,001,10579,12/7/2022,1900,TBA,TBA
MATH,356,001,12181,12/7/2022,1400,TBA,TBA
CEVE,529,001,11920,12/7/2022,1900,TBA,TBA
ENGI,529,001,11921,12/7/2022,1900,TBA,TBA
CEVE,320,001,11663,12/7/2022,1900,TBA,TBA
HIST,275,001,14010,12/7/2022,1400,TBA,TBA
KORE,141,003,13951,12/7/2022,1900,TBA,TBA
RUSS,141,002,12227,12/7/2022,1900,TBA,TBA
SPAN,141,001,10677,12/7/2022,1400,TBA,TBA
SPAN,264,002,11874,12/7/2022,1400,TBA,TBA
SPAN,264,005,12873,12/7/2022,1900,TBA,TBA
SOCI,358,001,14732,12/7/2022,1900,TBA,TBA
FREN,263,002,12576,12/7/2022,1400,TBA,TBA
GERM,263,001,11443,12/7/2022,1400,TBA,TBA
GERM,263,002,14263,12/7/2022,1900,TBA,TBA
RUSS,301,001,14615,12/7/2022,1400,TBA,TBA
SPAN,263,002,10556,12/7/2022,1400,TBA,TBA
ARAB,263,001,11589,12/7/2022,1400,TBA,TBA
CHIN,263,001,10553,12/7/2022,1400,TBA,TBA
COMP,330,001,10712,12/7/2022,1900,TBA,TBA
ITAL,263,001,12797,12/7/2022,1900,FULLY,ONLINE
JAPA,301,001,13949,12/7/2022,1400,TBA,TBA
KORE,263,001,13952,12/7/2022,1400,TBA,TBA
PORT,301,001,11873,12/7/2022,1400,TBA,TBA
FREN,141,003,10699,12/7/2022,1900,TBA,TBA
FREN,141,001,11776,12/7/2022,1400,TBA,TBA
GERM,141,002,10939,12/7/2022,1400,TBA,TBA
ITAL,141,002,15011,12/7/2022,0900,FULLY,ONLINE
JAPA,141,002,10700,12/7/2022,1400,TBA,TBA
JAPA,141,004,13948,12/7/2022,1900,TBA,TBA
SPAN,142,002,10680,12/7/2022,1400,TBA,TBA
CHIN,311,002,12161,12/7/2022,1900,TBA,TBA
RELI,378,001,14412,12/7/2022,0900,TBA,TBA
BUSI,310,002,10310,12/7/2022,1900,TBA,TBA
BUSI,310,001,10650,12/7/2022,0900,TBA,TBA
BUSI,305,001,11375,12/7/2022,1900,TBA,TBA
HIST,359,001,14232,12/7/2022,0900,TBA,TBA
CHEM,214,004,14658,12/7/2022,1400,TBA,TBA
CHEM,214,005,14659,12/7/2022,0900,TBA,TBA
CHEM,214,006,14660,12/7/2022,1900,TBA,TBA
ARTS,301,002,11660,12/7/2022,0900,TBA,TBA
MATH,513,001,12746,12/7/2022,0900,HBH,227
BUSI,221,001,14296,12/7/2022,1900,TBA,TBA
CHEM,215,001,12691,12/7/2022,0900,TBA,TBA
CHEM,215,003,12693,12/7/2022,0900,TBA,TBA
FOTO,205,002,14628,12/7/2022,1400,TBA,TBA
HART,216,001,14042,12/7/2022,1900,TBA,TBA
ENGL,210,001,14167,12/7/2022,1900,TBA,TBA
POLI,210,001,10013,12/7/2022,1400,HRZ,AMP
POLI,210,002,14159,12/7/2022,1400,HRZ,AMP
POLI,210,003,14160,12/7/2022,1400,HRZ,AMP
POLI,210,004,14161,12/7/2022,1400,HRZ,AMP
ARTS,401,001,13280,12/7/2022,0900,TBA,TBA
SOCI,366,001,13127,12/7/2022,1900,TBA,TBA
ELEC,560,001,11679,12/7/2022,1900,TBA,TBA
ELEC,460,001,11676,12/7/2022,1900,TBA,TBA
ENGL,383,001,13988,12/7/2022,0900,TBA,TBA
ARCH,327,002,14888,12/7/2022,1400,TBA,TBA
ECON,437,001,10210,12/7/2022,1400,HRZ,210
PSYC,202,001,11606,12/7/2022,1400,TBA,TBA
PSYC,203,001,10340,12/7/2022,0900,FULLY,ONLINE
PSYC,480,001,12210,12/7/2022,1900,TBA,TBA
ENST,302,001,13995,12/7/2022,1900,TBA,TBA
STAT,413,001,11919,12/7/2022,1900,RYN,201
BIOE,522,001,12762,12/7/2022,1900,BRC,284
CHIN,141,002,10671,12/7/2022,1400,TBA,TBA
ECON,601,001,11201,12/7/2022,1400,HRZ,210
HIST,408,001,14019,12/7/2022,1900,TBA,TBA
ENGL,390,001,14261,12/7/2022,0900,TBA,TBA
CHEM,123,001,11011,12/7/2022,1900,TBA,TBA
CHEM,123,005,11012,12/7/2022,1900,TBA,TBA
CHEM,123,009,13733,12/7/2022,1900,TBA,TBA
UNIV,220,001,11860,12/7/2022,1400,TBA,TBA
MDEM,101,001,11665,12/7/2022,0900,TBA,TBA
SPAN,303,001,11942,12/7/2022,1900,TBA,TBA
ECON,100,003,12879,12/7/2022,1900,FULLY,ONLINE
ECON,422,001,10636,12/7/2022,1900,TBA,TBA
CHEM,201,001,12157,12/7/2022,1400,DBH,210
COMP,435,001,14220,12/7/2022,1900,KCK,105
PSYC,420,001,14123,12/7/2022,1900,KCK,105
ECON,210,001,10729,12/7/2022,1900,HRG,100
BIOE,449,003,12709,12/7/2022,0900,TBA,TBA
BIOE,449,004,12711,12/7/2022,0900,TBA,TBA
BUSI,343,001,11377,12/7/2022,0900,TBA,TBA
BUSI,343,002,11378,12/7/2022,1900,TBA,TBA
MECH,202,001,11939,12/7/2022,1400,HRZ,212
ECON,209,002,13300,12/7/2022,1400,HRG,100
ECON,209,004,13301,12/7/2022,1400,HRG,100
ECON,209,003,13302,12/7/2022,1400,HRG,100
ECON,209,005,13303,12/7/2022,1400,HRG,100
ECON,305,001,10996,12/7/2022,1400,KRF,105
CEVE,431,001,11975,12/7/2022,0900,RYN,201
SPAN,204,001,14231,12/7/2022,1900,TBA,TBA
POLI,102,002,12248,12/7/2022,1900,TBA,TBA
BIOE,252,001,10084,12/7/2022,1400,BRK,101
COMP,430,001,11340,12/7/2022,1900,TBA,TBA
BIOE,524,001,14622,12/7/2022,1400,BRC,282
SOSC,302,001,11675,12/7/2022,1400,TBA,TBA
BUSI,296,001,10222,12/7/2022,1400,TBA,TBA
CLAS,218,001,14041,12/7/2022,1900,TBA,TBA
FREN,302,001,12159,12/7/2022,1900,TBA,TBA
BIOS,372,001,12549,12/7/2022,1400,KCK,100
KINE,120,003,14235,12/7/2022,1900,TBA,TBA
GERM,307,001,14047,12/7/2022,0900,TBA,TBA
KINE,300,002,11737,12/7/2022,1900,TBA,TBA
GREE,101,001,10198,12/7/2022,1900,TBA,TBA
HART,385,001,14184,12/7/2022,0900,TBA,TBA
BIOS,211,001,12318,12/7/2022,0900,TBA,TBA
BIOS,211,003,12320,12/7/2022,0900,TBA,TBA
BIOS,211,005,12322,12/7/2022,0900,TBA,TBA
BIOS,211,006,12323,12/7/2022,1400,TBA,TBA
BIOS,211,007,12324,12/7/2022,0900,TBA,TBA
BIOS,211,009,12326,12/7/2022,0900,TBA,TBA
BIOS,211,011,12328,12/7/2022,0900,TBA,TBA
BIOS,311,001,12387,12/7/2022,0900,TBA,TBA
BIOS,313,001,12390,12/7/2022,0900,TBA,TBA
BIOS,329,001,13510,12/7/2022,1400,ABL,131
BIOS,572,001,12550,12/7/2022,1400,KCK,100
BIOS,529,001,13511,12/7/2022,1400,ABL,131
BIOS,128,001,12312,12/7/2022,0900,TBA,TBA
BIOS,128,002,12314,12/7/2022,0900,TBA,TBA
BIOS,327,001,12393,12/7/2022,0900,TBA,TBA
ELEC,424,001,12889,12/7/2022,1900,TBA,TBA
COMP,424,001,12890,12/7/2022,1900,TBA,TBA
ENGL,372,001,13987,12/7/2022,1400,TBA,TBA
LATI,101,001,11588,12/7/2022,0900,TBA,TBA
LATI,201,001,10578,12/7/2022,1900,TBA,TBA
ENGL,200,003,14741,12/7/2022,1900,TBA,TBA
POLI,338,002,14767,12/7/2022,1900,ANH,117
SOSC,301,002,14768,12/7/2022,1900,ANH,117
PSYC,370,001,10255,12/7/2022,1400,TBA,TBA
PSYC,430,001,12208,12/7/2022,1400,TBA,TBA
PSYC,543,001,14124,12/7/2022,1400,TBA,TBA
LING,415,001,14031,12/7/2022,0900,TBA,TBA
BIOS,318,001,12391,12/7/2022,0900,TBA,TBA
MATH,423,001,12745,12/7/2022,0900,HBH,227
EEPS,322,001,13262,12/7/2022,1400,KWG,128
RELI,231,001,14081,12/7/2022,1900,TBA,TBA
ASIA,231,001,14082,12/7/2022,1900,TBA,TBA
JAPA,401,002,14633,12/7/2022,0900,TBA,TBA
THEA,314,001,13392,12/7/2022,0900,TBA,TBA
COMP,533,001,13331,12/7/2022,1900,TBA,TBA
ELEC,261,001,10018,12/7/2022,1900,HRZ,212
FWIS,100,001,10739,12/7/2022,1400,TBA,TBA
FWIS,100,002,10740,12/7/2022,1400,TBA,TBA
FWIS,100,006,10742,12/7/2022,1900,TBA,TBA
FWIS,100,005,12758,12/7/2022,0900,TBA,TBA
FWIS,110,002,13996,12/7/2022,1400,TBA,TBA
CHBE,443,001,11446,12/7/2022,0900,TBA,TBA
CHBE,443,002,13294,12/7/2022,0900,TBA,TBA
BUSI,401,001,14303,12/7/2022,0900,TBA,TBA
BUSI,401,002,14304,12/7/2022,0900,TBA,TBA
EEPS,116,001,13965,12/7/2022,1400,KWG,100
MECH,371,001,10317,12/7/2022,1400,MEB,128
CHBE,243,001,14347,12/7/2022,1400,TBA,TBA
CHEM,330,001,11151,12/7/2022,1400,TBA,TBA
POLI,374,001,14064,12/7/2022,1400,TBA,TBA
CHEM,213,005,10707,12/7/2022,0900,TBA,TBA
CHEM,213,006,10708,12/7/2022,0900,TBA,TBA
CHEM,213,007,10709,12/7/2022,1900,TBA,TBA
CHEM,213,002,10711,12/7/2022,1400,TBA,TBA
CHEM,213,009,14759,12/7/2022,1900,TBA,TBA
HEAL,498,001,14026,12/7/2022,1900,TBA,TBA
ELEC,380,002,14884,12/7/2022,1900,TBA,TBA
BIOE,380,002,14886,12/7/2022,1900,TBA,TBA
CHBE,302,002,14941,12/7/2022,1900,TBA,TBA
FWIS,187,001,13570,12/7/2022,0900,TBA,TBA
FWIS,176,001,14618,12/7/2022,0900,TBA,TBA
FWIS,132,001,13999,12/7/2022,1400,TBA,TBA
FWIS,137,002,14000,12/7/2022,1400,TBA,TBA
FWIS,141,001,14703,12/7/2022,0900,TBA,TBA
FWIS,141,002,14704,12/7/2022,1900,TBA,TBA
FWIS,145,001,14684,12/7/2022,1400,TBA,TBA
FWIS,148,001,15014,12/7/2022,1400,TBA,TBA
FWIS,150,001,14001,12/7/2022,1900,TBA,TBA
FWIS,151,001,13538,12/7/2022,0900,TBA,TBA
CAAM,210,001,10384,12/7/2022,0900,TBA,TBA
CAAM,210,002,14270,12/7/2022,0900,TBA,TBA
CAAM,210,003,14271,12/7/2022,0900,TBA,TBA
CAAM,210,004,14272,12/7/2022,0900,TBA,TBA
CAAM,210,005,14273,12/7/2022,0900,TBA,TBA
CAAM,210,006,14274,12/7/2022,0900,TBA,TBA
CAAM,210,007,14275,12/7/2022,0900,TBA,TBA
CAAM,210,009,14277,12/7/2022,0900,TBA,TBA
CAAM,210,010,14278,12/7/2022,0900,TBA,TBA
CAAM,335,001,10029,12/7/2022,1900,HRZ,210
CAAM,423,001,12747,12/7/2022,0900,HBH,227
CAAM,523,001,12748,12/7/2022,0900,HBH,227
SWGS,493,001,14230,12/7/2022,1900,TBA,TBA
LALX,158,001,14406,12/7/2022,1400,TBA,TBA
UNIV,330,001,12713,12/7/2022,1900,TBA,TBA
UNIV,330,002,13682,12/7/2022,1900,TBA,TBA
UNIV,330,003,13683,12/7/2022,1900,TBA,TBA
UNIV,330,005,13685,12/7/2022,1900,TBA,TBA
UNIV,330,006,13686,12/7/2022,1900,TBA,TBA
UNIV,330,008,13688,12/7/2022,1900,TBA,TBA
UNIV,330,010,14940,12/7/2022,1900,TBA,TBA
ANTH,352,001,14341,12/7/2022,1900,TBA,TBA
ANTH,552,001,14405,12/7/2022,1900,TBA,TBA
ANTH,419,001,14342,12/7/2022,0900,TBA,TBA
CEVE,400,001,14331,12/7/2022,1900,SEW,309
MECH,400,001,14036,12/7/2022,1900,SEW,309
ASIA,214,001,14368,12/7/2022,1400,TBA,TBA
ASIA,236,001,14359,12/7/2022,1900,TBA,TBA
BIOS,212,001,12329,12/7/2022,0900,TBA,TBA
BIOS,212,003,12554,12/7/2022,0900,TBA,TBA
FILM,434,001,14349,12/7/2022,1900,TBA,TBA
HIST,435,001,14325,12/7/2022,1900,TBA,TBA
EEPS,437,001,14396,12/7/2022,0900,KWG,100
EEPS,637,001,14397,12/7/2022,0900,KWG,100
SPAN,158,001,14880,12/7/2022,1400,TBA,TBA
SPAN,330,001,14932,12/7/2022,1900,TBA,TBA
ENGL,205,001,13976,12/7/2022,1400,TBA,TBA
ENGL,205,002,14258,12/7/2022,1400,TBA,TBA
ENGL,305,001,13593,12/7/2022,0900,TBA,TBA
ENGL,305,002,13819,12/7/2022,0900,TBA,TBA
MATH,101,S03,10595,12/8/2022,0900,KCK,100
MATH,101,S01,11323,12/8/2022,0900,ANH,117
MATH,101,S05,12179,12/8/2022,0900,HRZ,212
MATH,101,S02,14154,12/8/2022,0900,HUM,117
MATH,101,S04,14155,12/8/2022,0900,ABL,131
ANTH,205,001,10715,12/8/2022,1900,SEW,309
MATH,102,S03,10056,12/8/2022,0900,HRZ,AMP
MATH,102,S01,11324,12/8/2022,0900,KWG,100
MATH,102,S04,11868,12/8/2022,0900,HRZ,AMP
MATH,212,S01,10057,12/8/2022,0900,DCH,1055
MATH,212,S02,11354,12/8/2022,0900,HRZ,210
MATH,212,S05,12180,12/8/2022,0900,RYN,201
MATH,212,S07,13652,12/8/2022,0900,HRG,100
MATH,212,S08,14156,12/8/2022,0900,HRG,100
MATH,221,S01,10058,12/8/2022,0900,KRF,110
BIOE,385,002,10211,12/8/2022,0900,TBA,TBA
MUSI,342,002,10135,12/8/2022,1400,TBA,TBA
MILI,301,001,10566,12/8/2022,1400,TBA,TBA
MILI,401,001,11729,12/8/2022,1400,TBA,TBA
FILM,432,001,13713,12/8/2022,1900,TBA,TBA
ARTS,432,001,13742,12/8/2022,1900,TBA,TBA
MILI,106,001,10560,12/8/2022,1400,TBA,TBA
ANTH,493,001,11688,12/8/2022,1400,TBA,TBA
ARCH,350,001,12103,12/8/2022,1900,TBA,TBA
ARCH,550,003,15071,12/8/2022,1900,TBA,TBA
MATH,111,S01,11923,12/8/2022,0900,BRK,101
SOSC,445,001,11747,12/8/2022,1900,TBA,TBA
HART,125,001,14170,12/8/2022,1900,TBA,TBA
THEA,331,001,10214,12/8/2022,1900,TBA,TBA
THEA,331,002,12696,12/8/2022,1900,TBA,TBA
ENST,250,001,11926,12/8/2022,1900,TBA,TBA
ASIA,495,001,13380,12/8/2022,1900,TBA,TBA
UNIV,180,001,13584,12/8/2022,1400,TBA,TBA
PJHC,300,001,12100,12/8/2022,1400,TBA,TBA
MATH,211,S02,11630,12/8/2022,0900,SEW,301
MATH,211,S02,11630,12/8/2022,0900,SEW,309
MATH,211,S07,11631,12/8/2022,0900,KCK,102
MATH,211,S01,13653,12/8/2022,0900,DBH,180
POLI,102,001,12247,12/8/2022,1900,TBA,TBA
ENGI,301,001,11681,12/8/2022,1400,TBA,TBA
COLL,150,001,14306,12/8/2022,1900,TBA,TBA
COLL,171,001,14307,12/8/2022,1900,TBA,TBA
COLL,125,001,14311,12/8/2022,1900,TBA,TBA
COLL,197,001,14312,12/8/2022,1900,TBA,TBA
COLL,158,001,14315,12/8/2022,1900,TBA,TBA
COLL,134,001,14317,12/8/2022,1900,TBA,TBA
COLL,107,001,14318,12/8/2022,1900,TBA,TBA
COLL,128,001,14319,12/8/2022,1900,TBA,TBA
CHEM,452,001,14380,12/8/2022,1900,BRC,282
CHEM,552,001,12806,12/8/2022,1900,BRC,282
COLL,222,001,14922,12/8/2022,1900,TBA,TBA
MUSI,117,002,10226,12/9/2022,1900,TBA,TBA
MUSI,341,017,10831,12/9/2022,1400,TBA,TBA
MUSI,341,033,10835,12/9/2022,1400,TBA,TBA
MUSI,341,002,11017,12/9/2022,1400,TBA,TBA
MUSI,341,009,11023,12/9/2022,1400,TBA,TBA
MUSI,441,019,10837,12/9/2022,1400,TBA,TBA
MUSI,441,011,11046,12/9/2022,1400,TBA,TBA
MUSI,441,031,11280,12/9/2022,1400,TBA,TBA
MUSI,449,022,12132,12/9/2022,1400,TBA,TBA
RELI,223,001,14080,12/9/2022,0900,TBA,TBA
MUSI,331,001,10131,12/9/2022,0900,TBA,TBA
MUSI,331,002,10309,12/9/2022,0900,TBA,TBA
BIOE,592,001,12858,12/9/2022,1900,TBA,TBA
STAT,699,001,10542,12/9/2022,0900,TBA,TBA
MATH,321,001,10059,12/9/2022,1400,TBA,TBA
MATH,355,002,13207,12/9/2022,0900,HRG,100
SOCI,309,001,14096,12/9/2022,1900,TBA,TBA
ASTR,400,001,12810,12/9/2022,1400,TBA,TBA
ASTR,500,001,12811,12/9/2022,1400,TBA,TBA
MATH,354,002,14605,12/9/2022,1900,ABL,131
ENGL,272,002,14604,12/9/2022,0900,TBA,TBA
SOCI,101,005,14730,12/9/2022,0900,TBA,TBA
ARTS,326,001,14117,12/9/2022,1400,TBA,TBA
MUSI,338,003,10490,12/9/2022,1400,TBA,TBA
MUSI,338,004,10491,12/9/2022,1400,TBA,TBA
MUSI,338,006,10493,12/9/2022,1400,TBA,TBA
MUSI,338,007,10494,12/9/2022,1400,TBA,TBA
MUSI,338,008,10495,12/9/2022,1400,TBA,TBA
MUSI,338,010,10497,12/9/2022,1400,TBA,TBA
MUSI,338,011,10498,12/9/2022,1400,TBA,TBA
MUSI,338,013,10500,12/9/2022,1400,TBA,TBA
MUSI,338,015,10501,12/9/2022,1400,TBA,TBA
MUSI,338,016,10502,12/9/2022,1400,TBA,TBA
MUSI,338,018,10504,12/9/2022,1400,TBA,TBA
MUSI,338,019,10505,12/9/2022,1400,TBA,TBA
MUSI,338,020,10506,12/9/2022,1400,TBA,TBA
MUSI,338,021,10507,12/9/2022,1400,TBA,TBA
MUSI,338,022,10508,12/9/2022,1400,TBA,TBA
MUSI,338,002,12788,12/9/2022,1400,TBA,TBA
STAT,682,001,10298,12/9/2022,1900,TBA,TBA
ASTR,470,001,10209,12/9/2022,1900,TBA,TBA
COMP,413,001,10415,12/9/2022,1400,DCH,1070
AFSC,101,002,10304,12/9/2022,1400,TBA,TBA
ASTR,451,001,10282,12/9/2022,0900,TBA,TBA
BIOE,492,001,12857,12/9/2022,1900,TBA,TBA
CHEM,430,001,10200,12/9/2022,0900,ABL,130
ANTH,332,001,13896,12/9/2022,1400,TBA,TBA
ANTH,532,001,13897,12/9/2022,1400,TBA,TBA
HIST,120,001,14005,12/9/2022,0900,TBA,TBA
SOCI,327,001,14679,12/9/2022,1400,TBA,TBA
UNIV,250,001,11861,12/9/2022,1900,TBA,TBA
CHEM,110,002,13828,12/9/2022,1900,TBA,TBA
COMP,182,002,14933,12/9/2022,1400,TBA,TBA
HIST,403,002,12631,12/9/2022,1400,TBA,TBA
THEA,103,001,14118,12/9/2022,1900,TBA,TBA
ARTS,327,001,10358,12/9/2022,1900,TBA,TBA
FILM,327,001,10357,12/9/2022,1900,TBA,TBA
FOTO,206,001,14626,12/9/2022,1900,TBA,TBA
COLL,200,002,10344,12/9/2022,1400,TBA,TBA
ARCH,403,001,12647,12/9/2022,1400,TBA,TBA
HART,265,001,14172,12/9/2022,1400,TBA,TBA
UNIV,110,003,10402,12/9/2022,1900,TBA,TBA
SOCI,325,001,14731,12/9/2022,1400,TBA,TBA
STAT,482,001,10297,12/9/2022,1900,TBA,TBA
CHIN,401,002,14229,12/9/2022,0900,TBA,TBA
HEAL,460,001,10109,12/9/2022,0900,TBA,TBA
HEAL,407,002,12767,12/9/2022,1900,TBA,TBA
ANTH,324,001,10414,12/9/2022,1900,TBA,TBA
HUMA,315,002,12809,12/9/2022,1900,FULLY,ONLINE
HART,339,001,14180,12/9/2022,1400,TBA,TBA
MECH,340,001,10025,12/9/2022,1400,TBA,TBA
MECH,340,002,11313,12/9/2022,1900,TBA,TBA
MECH,340,003,11314,12/9/2022,1400,TBA,TBA
MECH,340,004,11315,12/9/2022,1900,TBA,TBA
FOTO,210,003,14743,12/9/2022,1400,TBA,TBA
MSNE,502,001,10526,12/9/2022,0900,DCH,1070
SPAN,322,003,13955,12/9/2022,0900,TBA,TBA
SPAN,321,002,10558,12/9/2022,0900,TBA,TBA
SPAN,321,005,12165,12/9/2022,0900,TBA,TBA
MDEM,120,001,14224,12/9/2022,0900,TBA,TBA
ENGL,493,003,14280,12/9/2022,1400,TBA,TBA
UNIV,402,004,13408,12/9/2022,1900,TBA,TBA
MSNE,450,002,13549,12/9/2022,1900,TBA,TBA
MSNE,451,002,13550,12/9/2022,1900,TBA,TBA
COMP,321,001,14256,12/9/2022,1900,SEW,303
ANTH,317,001,13894,12/9/2022,1400,TBA,TBA
ANTH,517,001,13895,12/9/2022,1400,TBA,TBA
STAT,499,001,10541,12/9/2022,0900,TBA,TBA
ENGI,100,001,10716,12/9/2022,1900,TBA,TBA
ENGI,100,002,10717,12/9/2022,1400,TBA,TBA
KORE,141,002,12872,12/9/2022,0900,TBA,TBA
SPAN,141,002,10678,12/9/2022,0900,TBA,TBA
SPAN,264,004,12164,12/9/2022,0900,TBA,TBA
MATH,331,001,10688,12/9/2022,1400,TBA,TBA
CHIN,301,001,11152,12/9/2022,0900,TBA,TBA
RUSS,263,002,11966,12/9/2022,0900,TBA,TBA
SPAN,263,004,13782,12/9/2022,0900,TBA,TBA
CHEM,530,001,10619,12/9/2022,0900,ABL,130
ARAB,301,001,14251,12/9/2022,0900,TBA,TBA
JAPA,301,002,12026,12/9/2022,0900,TBA,TBA
PORT,106,001,10675,12/9/2022,0900,TBA,TBA
FREN,141,002,10672,12/9/2022,0900,TBA,TBA
ITAL,141,001,12799,12/9/2022,0900,FULLY,ONLINE
JAPA,141,003,10714,12/9/2022,0900,TBA,TBA
MSNE,500,002,13551,12/9/2022,1900,TBA,TBA
COMP,581,001,14350,12/9/2022,1900,TBA,TBA
SMGT,266,001,14787,12/9/2022,0900,TBA,TBA
BUSI,390,001,11683,12/9/2022,1900,TBA,TBA
SOCI,363,001,14098,12/9/2022,1900,TBA,TBA
ASTR,570,001,10744,12/9/2022,1900,TBA,TBA
CHEM,214,001,11014,12/9/2022,0900,TBA,TBA
COMP,412,001,10052,12/9/2022,0900,TBA,TBA
COMP,481,001,14253,12/9/2022,1900,TBA,TBA
HEAL,507,002,12768,12/9/2022,1900,TBA,TBA
ANTH,477,001,14320,12/9/2022,1900,TBA,TBA
ANTH,677,001,14321,12/9/2022,1900,TBA,TBA
GLHT,201,001,10299,12/9/2022,1900,TBA,TBA
BUSI,223,001,11432,12/9/2022,1900,TBA,TBA
EDUC,304,001,11592,12/9/2022,1400,TBA,TBA
EDUC,504,001,11673,12/9/2022,1400,TBA,TBA
COMP,534,001,13340,12/9/2022,1900,TBA,TBA
STAT,376,003,11310,12/9/2022,1900,TBA,TBA
STAT,425,001,11363,12/9/2022,1900,HRZ,212
HIST,358,001,14014,12/9/2022,1900,TBA,TBA
ECON,308,001,10635,12/9/2022,0900,KRF,105
SOCI,231,001,13124,12/9/2022,1900,TBA,TBA
EMSP,281,0F1,10722,12/9/2022,1400,BRK,101
EMSP,282,0F1,10574,12/9/2022,1400,BRK,101
FOTO,205,003,14742,12/9/2022,1400,TBA,TBA
LING,401,001,11625,12/9/2022,1900,HRG,125
STAT,450,001,12231,12/9/2022,1400,TBA,TBA
POLI,211,001,10024,12/9/2022,0900,TBA,TBA
POLI,211,002,14162,12/9/2022,0900,TBA,TBA
POLI,211,003,14163,12/9/2022,0900,TBA,TBA
POLI,211,004,14164,12/9/2022,0900,TBA,TBA
ENGL,260,001,13977,12/9/2022,0900,TBA,TBA
ELEC,578,002,12734,12/9/2022,1900,TBA,TBA
PJHC,371,002,14266,12/9/2022,1900,TBA,TBA
CMST,201,001,12973,12/9/2022,1900,TBA,TBA
GLHT,314,001,11671,12/9/2022,0900,TBA,TBA
PLST,305,001,11682,12/9/2022,1400,TBA,TBA
ARTS,238,001,14924,12/9/2022,1400,TBA,TBA
HIST,238,001,14746,12/9/2022,1900,TBA,TBA
MDHM,238,001,14384,12/9/2022,1900,TBA,TBA
RCEL,200,002,12032,12/9/2022,1400,TBA,TBA
RCEL,300,002,12031,12/9/2022,1400,TBA,TBA
POLI,305,002,14062,12/9/2022,1400,TBA,TBA
RCEL,400,001,11775,12/9/2022,1400,TBA,TBA
RCEL,100,001,11738,12/9/2022,1400,TBA,TBA
RCEL,410,001,13740,12/9/2022,0900,TBA,TBA
CEVE,571,001,11904,12/9/2022,1400,HBH,427
COMP,422,001,13339,12/9/2022,1900,TBA,TBA
ELEC,240,001,11136,12/9/2022,1400,TBA,TBA
ELEC,241,001,10017,12/9/2022,0900,TBA,TBA
ECON,310,003,11309,12/9/2022,1900,TBA,TBA
ECON,239,001,10418,12/9/2022,1400,KRF,110
PSYC,203,003,12695,12/9/2022,1400,HRZ,AMP
HIST,301,002,14011,12/9/2022,1400,TBA,TBA
BIOE,365,001,11677,12/9/2022,0900,TBA,TBA
CEVE,314,001,11669,12/9/2022,0900,TBA,TBA
ENST,332,001,14329,12/9/2022,1400,TBA,TBA
COMP,480,001,14254,12/9/2022,1900,HRZ,210
CHIN,141,004,10670,12/9/2022,0900,TBA,TBA
CEVE,471,001,11903,12/9/2022,1400,HBH,427
ELEC,543,001,11955,12/9/2022,1400,DCH,1075
ENGL,410,001,11925,12/9/2022,1400,TBA,TBA
HIST,405,001,14018,12/9/2022,1900,TBA,TBA
RCEL,450,001,11753,12/9/2022,1900,TBA,TBA
CHEM,123,003,11013,12/9/2022,1900,TBA,TBA
CHEM,123,002,13220,12/9/2022,1400,TBA,TBA
CHEM,123,006,13222,12/9/2022,1400,TBA,TBA
CHEM,123,007,13322,12/9/2022,1900,TBA,TBA
PSYC,340,002,11442,12/9/2022,0900,TBA,TBA
RELI,123,001,14287,12/9/2022,1400,TBA,TBA
COMP,580,001,14290,12/9/2022,1900,HRZ,210
ENGI,200,001,10545,12/9/2022,1400,TBA,TBA
ECON,100,004,12880,12/9/2022,1400,FULLY,ONLINE
ASTR,102,001,14056,12/9/2022,1900,HBH,227
ELEC,411,001,14233,12/9/2022,1400,TBA,TBA
CEVE,211,001,11989,12/9/2022,0900,RYN,201
MECH,211,001,11990,12/9/2022,0900,RYN,201
POLI,473,001,12249,12/9/2022,1900,TBA,TBA
BIOE,420,001,11961,12/9/2022,0900,BRC,282
CEVE,432,001,11972,12/9/2022,1900,TBA,TBA
CEVE,472,001,11954,12/9/2022,1400,TBA,TBA
MECH,484,001,11946,12/9/2022,1900,TBA,TBA
MECH,584,001,11947,12/9/2022,1900,TBA,TBA
ELEC,434,001,11953,12/9/2022,1400,DCH,1075
ENGI,101,001,14250,12/9/2022,1400,TBA,TBA
SOCI,302,001,14094,12/9/2022,1400,TBA,TBA
ELEC,517,001,14681,12/9/2022,1400,TBA,TBA
MSNE,201,001,14214,12/9/2022,0900,TBA,TBA
ANTH,609,001,13910,12/9/2022,1900,TBA,TBA
PLST,401,001,11686,12/9/2022,1400,TBA,TBA
SMGT,450,001,12541,12/9/2022,1900,TBA,TBA
MECH,332,001,11916,12/9/2022,1900,TBA,TBA
MECH,332,004,11976,12/9/2022,1900,TBA,TBA
SMGT,276,002,14945,12/9/2022,1400,TBA,TBA
BIOS,551,002,14902,12/9/2022,0900,TBA,TBA
BIOS,481,002,14899,12/9/2022,0900,TBA,TBA
HART,209,003,14744,12/9/2022,1400,TBA,TBA
SMGT,431,001,12579,12/9/2022,1900,TBA,TBA
SOSC,302,002,11896,12/9/2022,0900,TBA,TBA
DSCI,435,002,14866,12/9/2022,1400,TBA,TBA
COMP,449,002,14870,12/9/2022,1400,TBA,TBA
BUSI,296,002,10223,12/9/2022,0900,TBA,TBA
MATH,463,002,12587,12/9/2022,0900,TBA,TBA
FREN,313,001,11674,12/9/2022,1400,TBA,TBA
GERM,280,001,12972,12/9/2022,1900,TBA,TBA
GERM,301,001,10646,12/9/2022,0900,TBA,TBA
KINE,319,001,10356,12/9/2022,0900,TBA,TBA
GERM,402,001,14049,12/9/2022,0900,TBA,TBA
GREE,502,002,15068,12/9/2022,1400,RZR,204
EURO,101,001,11678,12/9/2022,1400,RZR,106
BIOS,280,002,13736,12/9/2022,1400,TBA,TBA
BIOS,301,S01,12342,12/9/2022,0900,HRZ,AMP
BIOS,312,001,12389,12/9/2022,0900,GRB,W212
BIOS,312,002,12763,12/9/2022,1400,GRB,W212
ENGI,390,001,12623,12/9/2022,1900,TBA,TBA
HIST,312,001,12927,12/9/2022,0900,TBA,TBA
MECH,416,001,14038,12/9/2022,0900,DCH,1042
MSNE,413,002,14958,12/9/2022,1400,HBH,227
MSNE,513,002,14959,12/9/2022,1400,HBH,227
BIOS,431,001,12446,12/9/2022,0900,TBA,TBA
ANTH,409,001,13909,12/9/2022,1900,TBA,TBA
BIOE,370,001,10213,12/9/2022,0900,TBA,TBA
ENGL,200,001,13338,12/9/2022,1900,TBA,TBA
SMGT,366,001,12244,12/9/2022,0900,TBA,TBA
SOCI,416,001,14192,12/9/2022,1900,TBA,TBA
POLI,459,001,14066,12/9/2022,1900,TBA,TBA
PSYC,452,001,14125,12/9/2022,1900,TBA,TBA
GREE,302,002,14961,12/9/2022,1400,RZR,204
LATI,306,001,14168,12/9/2022,1900,TBA,TBA
GREE,201,001,10936,12/9/2022,1400,TBA,TBA
SOCI,389,001,14268,12/9/2022,1900,TBA,TBA
EEPS,110,001,13258,12/9/2022,0900,DBH,180
ANTH,618,001,13912,12/9/2022,1400,TBA,TBA
EEPS,403,001,13260,12/9/2022,1400,TBA,TBA
EEPS,321,001,13263,12/9/2022,0900,TBA,TBA
MSNE,402,001,10522,12/9/2022,0900,DCH,1070
ANTH,399,001,13904,12/9/2022,1400,TBA,TBA
EEPS,477,001,14943,12/9/2022,1400,KWG,100
FREN,301,001,14262,12/9/2022,0900,TBA,TBA
SOPA,400,003,13534,12/9/2022,1900,KRF,110
ANTH,418,001,13911,12/9/2022,1400,TBA,TBA
FWIS,100,003,10741,12/9/2022,0900,TBA,TBA
FWIS,100,011,12777,12/9/2022,1900,TBA,TBA
FWIS,100,012,12906,12/9/2022,1900,TBA,TBA
FWIS,103,001,14788,12/9/2022,1400,TBA,TBA
FWIS,118,001,14794,12/9/2022,1900,TBA,TBA
STAT,487,001,13709,12/9/2022,0900,TBA,TBA
CLAS,124,001,13429,12/9/2022,1900,TBA,TBA
HART,352,001,13442,12/9/2022,1400,TBA,TBA
LING,300,001,11624,12/9/2022,0900,TBA,TBA
INDE,567,001,13410,12/9/2022,1400,DCH,1064
MATH,563,002,12588,12/9/2022,0900,TBA,TBA
COMP,547,001,14289,12/9/2022,1900,DCH,1042
ASIA,372,001,13493,12/9/2022,0900,TBA,TBA
HART,372,001,13492,12/9/2022,0900,TBA,TBA
ECON,483,001,12251,12/9/2022,1400,HRG,100
DSCI,303,002,14613,12/9/2022,1900,SEW,309
COLL,198,001,14314,12/9/2022,1400,TBA,TBA
COLL,128,002,14636,12/9/2022,1400,TBA,TBA
HART,320,001,14337,12/9/2022,1900,TBA,TBA
LING,303,001,12780,12/9/2022,1400,TBA,TBA
CHEM,213,003,10705,12/9/2022,0900,TBA,TBA
CHEM,213,004,10706,12/9/2022,0900,TBA,TBA
CHEM,213,008,10710,12/9/2022,1400,TBA,TBA
FWIS,198,001,14791,12/9/2022,0900,TBA,TBA
FWIS,195,002,14650,12/9/2022,0900,TBA,TBA
FWIS,190,001,14683,12/9/2022,0900,TBA,TBA
FWIS,184,001,14789,12/9/2022,1900,TBA,TBA
FWIS,180,001,13522,12/9/2022,1400,TBA,TBA
FWIS,151,002,13539,12/9/2022,1400,TBA,TBA
FWIS,173,001,14793,12/9/2022,1900,TBA,TBA
FWIS,174,001,13537,12/9/2022,0900,TBA,TBA
FWIS,175,001,14790,12/9/2022,0900,TBA,TBA
LALX,378,001,14050,12/9/2022,1900,TBA,TBA
HIST,251,001,14008,12/9/2022,1900,TBA,TBA
ANTH,450,7F1,14693,12/9/2022,1900,TBA,TBA
ASIA,219,001,14358,12/9/2022,1900,TBA,TBA
COMP,347,001,14288,12/9/2022,1900,DCH,1042
CAAM,419,001,14217,12/9/2022,0900,TBA,TBA
CAAM,467,001,13617,12/9/2022,1400,DCH,1064
CAAM,471,001,12668,12/9/2022,1900,DCH,1070
CAAM,519,001,12800,12/9/2022,0900,TBA,TBA
CAAM,571,001,12230,12/9/2022,1900,DCH,1070
BIOS,410,001,13932,12/9/2022,1900,TBA,TBA
PSYC,332,001,14757,12/9/2022,1400,TBA,TBA
MSNE,304,003,14649,12/9/2022,1400,TBA,TBA
ASIA,336,001,14361,12/9/2022,1400,TBA,TBA
ENGL,150,001,14348,12/9/2022,1400,TBA,TBA
ENST,312,001,14340,12/9/2022,1900,TBA,TBA
EEPS,435,001,13968,12/9/2022,1900,SST,106
EEPS,635,001,13969,12/9/2022,1900,SST,106
RELI,120,001,14385,12/9/2022,1900,TBA,TBA
ANTH,328,001,14920,12/9/2022,1400,TBA,TBA
ELEC,478,002,12733,12/9/2022,1900,TBA,TBA
STAT,315,005,11977,12/9/2022,1900,KCK,100
STAT,315,006,11978,12/9/2022,1900,KCK,100
STAT,315,007,11979,12/9/2022,1900,KCK,100
DSCI,301,005,11913,12/9/2022,1900,KCK,100
DSCI,301,006,11914,12/9/2022,1900,KCK,100
SPAN,370,001,14929,12/9/2022,1900,TBA,TBA
ENGL,301,005,13983,12/9/2022,1400,TBA,TBA
ENGL,301,006,14392,12/9/2022,1400,TBA,TBA
ENGL,318,001,13984,12/9/2022,1900,TBA,TBA
ENGL,318,002,14394,12/9/2022,1900,TBA,TBA
ENGL,368,001,12902,12/10/2022,1900,TBA,TBA
MUSI,231,002,10124,12/10/2022,1900,TBA,TBA
MUSI,231,001,10283,12/10/2022,1900,TBA,TBA
ARCH,311,001,12808,12/10/2022,0900,TBA,TBA
CHBE,411,003,10737,12/10/2022,1900,SST,106
POLI,212,001,10014,12/10/2022,1900,HRZ,212
POLI,212,002,14165,12/10/2022,1900,HRZ,212
POLI,212,003,14166,12/10/2022,1900,HRZ,212
CHBE,301,002,10594,12/10/2022,1900,ABL,130
CHBE,403,002,12636,12/10/2022,1900,TBA,TBA
BIOE,383,002,14623,12/10/2022,1900,SEW,309
SWGS,205,001,14765,12/10/2022,1900,TBA,TBA
COMP,215,001,13528,12/10/2022,1900,TBA,TBA
ENGL,222,001,14400,12/10/2022,1900,TBA,TBA
ASIA,222,001,14401,12/10/2022,1900,TBA,TBA
HUMA,210,001,10373,12/10/2022,1900,TBA,TBA
EDUC,305,001,12307,12/10/2022,1900,TBA,TBA
EDUC,505,001,12622,12/10/2022,1900,TBA,TBA
STAT,649,001,11409,12/10/2022,1900,RYN,201
EDUC,345,001,13327,12/10/2022,1900,TBA,TBA
EDUC,545,001,13409,12/10/2022,1900,TBA,TBA
HEAL,103,002,10718,12/10/2022,0900,HRZ,212
NAVA,403,001,10419,12/10/2022,0900,TBA,TBA
ENGL,314,001,14194,12/10/2022,1900,TBA,TBA
HIST,117,001,14004,12/10/2022,1900,TBA,TBA
MDEM,319,001,14212,12/10/2022,1900,TBA,TBA
SPAN,322,001,11875,12/10/2022,1900,TBA,TBA
SPAN,322,004,14687,12/10/2022,1900,TBA,TBA
HART,205,001,14171,12/10/2022,1900,TBA,TBA
LING,205,001,14764,12/10/2022,1900,TBA,TBA
ARAB,141,001,11494,12/10/2022,1900,TBA,TBA
ECON,498,001,10637,12/10/2022,1900,TBA,TBA
FREN,263,001,10554,12/10/2022,1900,TBA,TBA
SPAN,263,001,10555,12/10/2022,1900,TBA,TBA
JAPA,263,003,14632,12/10/2022,1900,TBA,TBA
GERM,141,001,10673,12/10/2022,1900,TBA,TBA
JAPA,141,001,10674,12/10/2022,1900,TBA,TBA
SPAN,142,001,10679,12/10/2022,1900,TBA,TBA
CHEM,214,002,14657,12/10/2022,1900,TBA,TBA
ARTS,301,004,13506,12/10/2022,1900,TBA,TBA
POLI,238,001,14197,12/10/2022,1900,TBA,TBA
ARCH,350,002,11497,12/10/2022,1900,TBA,TBA
ARCH,450,003,14814,12/10/2022,1900,TBA,TBA
ARCH,550,004,15072,12/10/2022,1900,TBA,TBA
ARTS,225,002,14114,12/10/2022,1900,TBA,TBA
ECON,435,002,13513,12/10/2022,1900,TBA,TBA
PLST,477,001,14745,12/10/2022,1900,HUM,117
ENST,368,001,13227,12/10/2022,1900,TBA,TBA
CHIN,141,001,12160,12/10/2022,1900,TBA,TBA
ECON,200,001,11533,12/10/2022,0900,ABL,131
ECON,200,002,12881,12/10/2022,0900,ABL,131
CHEM,123,004,13221,12/10/2022,1900,TBA,TBA
ECON,100,002,12878,12/10/2022,1400,FULLY,ONLINE
CEVE,411,001,12736,12/10/2022,1900,TBA,TBA
CEVE,511,001,12739,12/10/2022,1900,TBA,TBA
STAT,449,001,11357,12/10/2022,1900,RYN,201
MDHM,402,001,11690,12/10/2022,1900,TBA,TBA
PSYC,102,001,12556,12/10/2022,1900,TBA,TBA
KORE,301,001,11292,12/10/2022,1900,TBA,TBA
SOCI,102,001,12568,12/10/2022,1900,TBA,TBA
MDHM,430,001,11879,12/10/2022,1900,TBA,TBA
BIOS,520,001,12443,12/10/2022,1900,ABL,131
BIOS,420,001,12442,12/10/2022,1900,ABL,131
BIOS,202,002,13563,12/10/2022,1900,FULLY,ONLINE
BIOS,352,001,12397,12/10/2022,1900,KWG,100
BIOS,415,001,12441,12/10/2022,1900,TBA,TBA
ECON,205,002,13512,12/10/2022,1900,TBA,TBA
HART,101,001,12150,12/10/2022,1900,TBA,TBA
CLAS,102,001,12151,12/10/2022,1900,TBA,TBA
HEAL,222,001,10107,12/10/2022,1900,TBA,TBA
ARTS,499,001,10249,12/10/2022,1900,TBA,TBA
DSCI,101,001,12785,12/10/2022,1900,TBA,TBA
DSCI,101,002,14404,12/10/2022,1900,TBA,TBA
FWIS,100,004,11529,12/10/2022,1900,TBA,TBA
PHYS,111,S01,10074,12/10/2022,0900,DBH,180
PHYS,101,S01,10666,12/10/2022,0900,SEW,301
PHYS,101,S02,10667,12/10/2022,0900,HRZ,AMP
PHYS,125,S01,10075,12/10/2022,0900,KCK,100
PHYS,125,S01,10075,12/10/2022,0900,HRZ,210
COLL,195,001,14308,12/10/2022,1900,TBA,TBA
COLL,115,001,14309,12/10/2022,1900,TBA,TBA
COLL,166,001,14313,12/10/2022,1900,TBA,TBA
ENGL,113,001,14364,12/10/2022,1900,TBA,TBA
MECH,343,001,12573,12/10/2022,1900,BRK,101
MECH,343,002,14198,12/10/2022,1900,BRK,101
MECH,343,003,14199,12/10/2022,1900,BRK,101
MECH,343,004,14200,12/10/2022,1900,BRK,101
CHEM,496,001,14735,12/10/2022,1900,DBH,180
CHEM,213,001,10704,12/10/2022,1900,TBA,TBA
MSNE,407,001,10552,12/10/2022,1900,TBA,TBA
FWIS,196,001,14685,12/10/2022,1900,TBA,TBA
FWIS,195,001,13571,12/10/2022,1900,TBA,TBA
FWIS,137,001,10576,12/10/2022,1900,TBA,TBA
CAAM,336,001,10030,12/10/2022,1900,TBA,TBA
CAAM,453,001,10199,12/10/2022,1900,DCH,1070
CAAM,550,001,11016,12/10/2022,1900,DCH,1070
CHEM,596,001,14736,12/10/2022,1900,DBH,180
BIOS,201,S01,12316,12/10/2022,1900,HRZ,AMP
BIOS,201,S01,12316,12/10/2022,1900,HRZ,210
RELI,112,001,14078,12/10/2022,1900,FULLY,ONLINE
SPAN,382,001,14881,12/10/2022,1900,TBA,TBA
ENGL,401,001,13991,12/10/2022,1900,TBA,TBA
MUSI,291,001,10126,12/11/2022,1400,TBA,TBA
MUSI,303,001,10127,12/11/2022,1400,TBA,TBA
MUSI,317,003,11670,12/11/2022,1400,TBA,TBA
MUSI,416,001,12183,12/11/2022,1400,TBA,TBA
MUSI,334,002,14725,12/11/2022,1400,TBA,TBA
MUSI,117,001,10121,12/11/2022,1400,TBA,TBA
MUSI,117,003,11965,12/11/2022,1400,TBA,TBA
MUSI,141,001,10122,12/11/2022,1400,TBA,TBA
MUSI,181,001,13313,12/11/2022,1400,TBA,TBA
MUSI,181,002,15016,12/11/2022,1400,TBA,TBA
MUSI,181,003,15052,12/11/2022,1400,TBA,TBA
MUSI,191,003,13830,12/11/2022,1400,TBA,TBA
MUSI,191,004,13831,12/11/2022,1400,TBA,TBA
MUSI,191,001,15075,12/11/2022,1400,TBA,TBA
MUSI,211,001,10123,12/11/2022,1400,TBA,TBA
MUSI,337,001,10132,12/11/2022,1400,TBA,TBA
MUSI,341,011,11024,12/11/2022,1400,TBA,TBA
MUSI,341,027,11034,12/11/2022,1400,TBA,TBA
MUSI,345,002,12755,12/11/2022,1400,TBA,TBA
MUSI,361,001,13516,12/11/2022,1400,TBA,TBA
MUSI,381,001,10136,12/11/2022,1400,TBA,TBA
MUSI,381,003,11276,12/11/2022,1400,TBA,TBA
MUSI,381,004,11277,12/11/2022,1400,TBA,TBA
MUSI,381,005,11278,12/11/2022,1400,TBA,TBA
MUSI,381,002,11779,12/11/2022,1400,TBA,TBA
MUSI,401,001,10137,12/11/2022,1400,TBA,TBA
MUSI,401,002,10440,12/11/2022,1400,TBA,TBA
MUSI,401,006,10444,12/11/2022,1400,TBA,TBA
MUSI,401,007,10445,12/11/2022,1400,TBA,TBA
MUSI,441,028,11766,12/11/2022,1400,TBA,TBA
MUSI,449,004,12661,12/11/2022,1400,TBA,TBA
MUSI,451,001,10141,12/11/2022,1400,TBA,TBA
MUSI,453,001,10142,12/11/2022,1400,TBA,TBA
MUSI,455,001,10143,12/11/2022,1400,TBA,TBA
MUSI,457,001,10144,12/11/2022,1400,TBA,TBA
MUSI,461,001,10145,12/11/2022,1400,TBA,TBA
MUSI,463,001,10146,12/11/2022,1400,TBA,TBA
MUSI,463,002,10446,12/11/2022,1400,TBA,TBA
MUSI,467,001,10148,12/11/2022,1400,TBA,TBA
MUSI,471,001,10149,12/11/2022,1400,TBA,TBA
MUSI,472,001,10150,12/11/2022,1400,TBA,TBA
MUSI,473,001,10151,12/11/2022,1400,TBA,TBA
MUSI,473,002,10447,12/11/2022,1400,TBA,TBA
MUSI,473,004,12185,12/11/2022,1400,TBA,TBA
MUSI,481,001,10152,12/11/2022,1400,TBA,TBA
MUSI,481,002,10448,12/11/2022,1400,TBA,TBA
MUSI,481,003,10449,12/11/2022,1400,TBA,TBA
MUSI,481,004,10450,12/11/2022,1400,TBA,TBA
MUSI,483,001,10399,12/11/2022,1400,TBA,TBA
MUSI,487,001,10153,12/11/2022,1400,TBA,TBA
MUSI,491,002,10451,12/11/2022,1400,TBA,TBA
MUSI,491,003,10452,12/11/2022,1400,TBA,TBA
MUSI,491,004,10453,12/11/2022,1400,TBA,TBA
MUSI,493,001,10154,12/11/2022,1400,TBA,TBA
MUSI,493,002,10454,12/11/2022,1400,TBA,TBA
MUSI,495,001,10155,12/11/2022,1400,TBA,TBA
MUSI,495,002,10455,12/11/2022,1400,TBA,TBA
MUSI,495,003,11178,12/11/2022,1400,TBA,TBA
MUSI,497,001,10156,12/11/2022,1400,TBA,TBA
MUSI,497,002,10456,12/11/2022,1400,TBA,TBA
PHYS,425,001,10079,12/11/2022,1400,BRK,103
PHYS,491,001,10080,12/11/2022,1400,TBA,TBA
PHYS,493,001,11327,12/11/2022,1400,TBA,TBA
MUSI,281,001,10125,12/11/2022,1400,TBA,TBA
MUSI,281,002,11275,12/11/2022,1400,TBA,TBA
MUSI,281,003,13284,12/11/2022,1400,TBA,TBA
ANTH,404,011,12639,12/11/2022,1400,TBA,TBA
ENGL,300,001,10051,12/11/2022,1900,TBA,TBA
ELEC,220,005,13717,12/11/2022,1900,TBA,TBA
ELEC,220,006,14707,12/11/2022,1900,TBA,TBA
HIST,256,001,14009,12/11/2022,1900,TBA,TBA
COMP,390,001,10354,12/11/2022,1400,TBA,TBA
COMP,390,003,10883,12/11/2022,1400,TBA,TBA
COMP,390,005,11220,12/11/2022,1400,TBA,TBA
COMP,390,009,11773,12/11/2022,1400,TBA,TBA
COMP,390,010,11784,12/11/2022,1400,TBA,TBA
COMP,390,013,12112,12/11/2022,1400,TBA,TBA
COMP,390,016,14714,12/11/2022,1400,TBA,TBA
COMP,390,017,14738,12/11/2022,1400,TBA,TBA
MATH,490,001,10064,12/11/2022,1400,TBA,TBA
MATH,490,003,10066,12/11/2022,1400,TBA,TBA
MATH,499,001,13892,12/11/2022,1400,TBA,TBA
SOCI,310,001,14190,12/11/2022,1900,TBA,TBA
SOCI,403,002,10208,12/11/2022,1400,TBA,TBA
SOCI,403,014,10528,12/11/2022,1400,TBA,TBA
SOCI,492,001,13135,12/11/2022,1400,TBA,TBA
SOCI,492,004,13826,12/11/2022,1400,TBA,TBA
SOCI,492,005,14756,12/11/2022,1400,TBA,TBA
SOCI,493,004,10387,12/11/2022,1400,TBA,TBA
SOCI,493,014,11871,12/11/2022,1400,TBA,TBA
MUSI,311,001,10128,12/11/2022,1400,TBA,TBA
PHYS,542,001,12774,12/11/2022,1400,TBA,TBA
BIOE,454,001,11414,12/11/2022,1900,TBA,TBA
ANTH,490,008,12145,12/11/2022,1400,TBA,TBA
ANTH,490,003,13914,12/11/2022,1400,TBA,TBA
ANTH,490,005,13915,12/11/2022,1400,TBA,TBA
UNIV,201,001,10216,12/11/2022,1400,TBA,TBA
FILM,396,001,15089,12/11/2022,1400,TBA,TBA
NAVA,101,001,10073,12/11/2022,1400,TBA,TBA
NAVA,302,001,14282,12/11/2022,1400,TBA,TBA
COMP,490,004,11854,12/11/2022,1400,TBA,TBA
COMP,490,007,12641,12/11/2022,1400,TBA,TBA
COMP,490,010,12741,12/11/2022,1400,TBA,TBA
COMP,490,013,12832,12/11/2022,1400,TBA,TBA
COMP,490,018,15047,12/11/2022,1400,TBA,TBA
MUSI,338,001,14630,12/11/2022,1400,TBA,TBA
MUSI,342,003,13693,12/11/2022,1400,TBA,TBA
THEA,432,001,15083,12/11/2022,1400,TBA,TBA
MUSI,335,001,12982,12/11/2022,1400,TBA,TBA
CSCI,481,001,10207,12/11/2022,1400,TBA,TBA
CSCI,390,001,10206,12/11/2022,1400,TBA,TBA
CHBE,401,003,11586,12/11/2022,1900,SEW,309
HART,402,001,11734,12/11/2022,1400,TBA,TBA
BIOE,400,001,10086,12/11/2022,1400,TBA,TBA
GLHT,400,001,10247,12/11/2022,1400,TBA,TBA
PHYS,311,001,10078,12/11/2022,1400,TBA,TBA
PHYS,411,001,12775,12/11/2022,1400,TBA,TBA
ELEC,303,001,10235,12/11/2022,1900,DCH,1070
PHYS,480,001,12776,12/11/2022,1400,HBH,227
SWGS,498,001,10321,12/11/2022,1400,TBA,TBA
SOCI,327,002,15009,12/11/2022,1400,TBA,TBA
ENGI,120,001,10355,12/11/2022,1900,TBA,TBA
FOTO,295,001,15065,12/11/2022,1400,TBA,TBA
BIOE,440,001,10651,12/11/2022,1900,HRZ,212
MUSI,413,001,14144,12/11/2022,1400,TBA,TBA
MUSI,336,001,11295,12/11/2022,1400,TBA,TBA
COLL,200,001,10343,12/11/2022,1400,TBA,TBA
COLL,200,004,10346,12/11/2022,1400,TBA,TBA
COLL,200,008,10350,12/11/2022,1400,TBA,TBA
COLL,200,010,10352,12/11/2022,1400,TBA,TBA
COLL,200,012,10407,12/11/2022,1400,TBA,TBA
ENGI,330,001,10364,12/11/2022,1400,TBA,TBA
MUSI,339,004,10378,12/11/2022,1400,TBA,TBA
MUSI,339,007,10381,12/11/2022,1400,TBA,TBA
MUSI,377,001,10406,12/11/2022,1400,TBA,TBA
FILM,395,001,15038,12/11/2022,1400,TBA,TBA
UNIV,301,001,10366,12/11/2022,1400,TBA,TBA
SOCI,469,001,11358,12/11/2022,1400,TBA,TBA
ENGL,267,001,13978,12/11/2022,1900,TBA,TBA
SMGT,362,901,10931,12/11/2022,1400,TBA,TBA
SMGT,376,001,10238,12/11/2022,1400,TBA,TBA
SMGT,495,005,11781,12/11/2022,1400,TBA,TBA
SMGT,499,002,10519,12/11/2022,1400,TBA,TBA
SMGT,499,004,10520,12/11/2022,1400,TBA,TBA
KINE,375,002,10360,12/11/2022,1400,TBA,TBA
KINE,375,004,12101,12/11/2022,1400,TBA,TBA
KINE,499,002,10112,12/11/2022,1400,TBA,TBA
KINE,499,003,10113,12/11/2022,1400,TBA,TBA
KINE,499,004,10363,12/11/2022,1400,TBA,TBA
KINE,499,009,11741,12/11/2022,1400,TBA,TBA
KINE,499,010,14785,12/11/2022,1400,TBA,TBA
HEAL,379,001,10108,12/11/2022,1400,TBA,TBA
HEAL,379,003,11500,12/11/2022,1400,TBA,TBA
HEAL,499,003,10110,12/11/2022,1400,TBA,TBA
HEAL,499,002,10262,12/11/2022,1400,TBA,TBA
HEAL,499,006,11498,12/11/2022,1400,TBA,TBA
NAVA,203,001,11633,12/11/2022,1400,TBA,TBA
CHEM,391,001,10540,12/11/2022,1400,TBA,TBA
MECH,454,001,11410,12/11/2022,1900,TBA,TBA
ELEC,494,002,13761,12/11/2022,1400,TBA,TBA
SMGT,379,001,10240,12/11/2022,1400,TBA,TBA
FOTO,210,002,14629,12/11/2022,1900,TBA,TBA
ENGL,493,002,12904,12/11/2022,1400,TBA,TBA
ENGL,493,001,13814,12/11/2022,1400,TBA,TBA
HUMA,498,001,14876,12/11/2022,1400,TBA,TBA
HUMA,498,002,15067,12/11/2022,1400,FULLY,ONLINE
LING,482,012,15064,12/11/2022,1400,TBA,TBA
NSCI,120,002,10596,12/11/2022,1400,TBA,TBA
NSCI,120,003,10617,12/11/2022,1400,TBA,TBA
NSCI,120,001,10930,12/11/2022,1400,TBA,TBA
PHYS,461,001,11634,12/11/2022,1400,TBA,TBA
LING,200,003,12947,12/11/2022,1900,FULLY,ONLINE
ENGI,220,001,13642,12/11/2022,1900,TBA,TBA
ECON,203,001,10634,12/11/2022,1900,TBA,TBA
ELEC,491,005,10870,12/11/2022,1400,TBA,TBA
ELEC,491,001,10918,12/11/2022,1400,TBA,TBA
ELEC,491,008,12252,12/11/2022,1400,TBA,TBA
ELEC,491,012,14926,12/11/2022,1400,TBA,TBA
CHEM,401,001,12574,12/11/2022,1900,DBH,180
CHEM,501,001,12580,12/11/2022,1900,DBH,180
PHYS,103,001,10653,12/11/2022,1400,TBA,TBA
PHYS,103,003,10654,12/11/2022,1400,TBA,TBA
PHYS,103,004,10655,12/11/2022,1400,TBA,TBA
PHYS,103,005,10656,12/11/2022,1400,TBA,TBA
PHYS,103,006,10657,12/11/2022,1400,TBA,TBA
PHYS,103,007,10658,12/11/2022,1400,TBA,TBA
PHYS,103,008,10659,12/11/2022,1400,TBA,TBA
PHYS,103,009,10660,12/11/2022,1400,TBA,TBA
PHYS,103,010,10661,12/11/2022,1400,TBA,TBA
PHYS,103,011,10662,12/11/2022,1400,TBA,TBA
PHYS,103,012,10663,12/11/2022,1400,TBA,TBA
PHYS,103,013,10664,12/11/2022,1400,TBA,TBA
PHYS,103,015,11325,12/11/2022,1400,TBA,TBA
PHYS,103,002,13661,12/11/2022,1400,TBA,TBA
COMP,311,001,10668,12/11/2022,1900,DCH,1064
ELEC,490,009,13691,12/11/2022,1400,TBA,TBA
ELEC,490,011,13723,12/11/2022,1400,TBA,TBA
ELEC,490,013,14709,12/11/2022,1400,TBA,TBA
ELEC,490,014,14861,12/11/2022,1400,TBA,TBA
ELEC,490,015,15015,12/11/2022,1400,TBA,TBA
ELEC,490,016,15028,12/11/2022,1400,TBA,TBA
ELEC,490,017,15037,12/11/2022,1400,TBA,TBA
ELEC,490,018,15084,12/11/2022,1400,TBA,TBA
BUSI,499,001,12134,12/11/2022,1400,TBA,TBA
PHYS,580,001,12773,12/11/2022,1400,HBH,227
BUSI,305,002,11376,12/11/2022,1400,TBA,TBA
BUSI,305,003,14299,12/11/2022,1900,TBA,TBA
SOCI,364,002,11964,12/11/2022,1900,TBA,TBA
HART,400,001,12638,12/11/2022,1400,TBA,TBA
MECH,490,001,10322,12/11/2022,1400,TBA,TBA
MECH,490,002,11316,12/11/2022,1400,TBA,TBA
MECH,490,003,11707,12/11/2022,1400,TBA,TBA
MECH,490,004,11724,12/11/2022,1400,TBA,TBA
MECH,490,008,11981,12/11/2022,1400,TBA,TBA
MATH,479,001,13759,12/11/2022,1400,TBA,TBA
NEUR,401,001,11148,12/11/2022,1400,TBA,TBA
CHEM,491,001,10201,12/11/2022,1400,TBA,TBA
MSNE,503,001,11122,12/11/2022,1900,TBA,TBA
HART,300,001,11553,12/11/2022,1400,TBA,TBA
HART,300,002,11562,12/11/2022,1400,TBA,TBA
MUSI,415,001,10225,12/11/2022,1400,TBA,TBA
POLI,260,003,14719,12/11/2022,1900,KRF,125
CMST,203,001,12845,12/11/2022,1900,HUM,117
PHYS,201,001,10076,12/11/2022,1400,HRZ,AMP
STAT,492,001,11692,12/11/2022,1400,TBA,TBA
KINE,495,001,10263,12/11/2022,1400,TBA,TBA
HEAL,495,003,11499,12/11/2022,1400,TBA,TBA
SMGT,440,001,12542,12/11/2022,1900,TBA,TBA
ARCH,225,001,11361,12/11/2022,1900,TBA,TBA
NAVA,411,001,14285,12/11/2022,1400,TBA,TBA
SMGT,377,001,10239,12/11/2022,1400,TBA,TBA
HART,374,001,14182,12/11/2022,1900,TBA,TBA
COMP,544,001,11771,12/11/2022,1900,DCH,1064
ARCH,525,001,11362,12/11/2022,1900,TBA,TBA
HART,225,001,11365,12/11/2022,1900,TBA,TBA
POLI,405,001,10015,12/11/2022,1400,TBA,TBA
ECON,481,002,13515,12/11/2022,1900,KRF,110
ELEC,477,001,14606,12/11/2022,1900,TBA,TBA
PSYC,101,001,10092,12/11/2022,1900,SEW,301
PSYC,202,002,11115,12/11/2022,1900,TBA,TBA
PSYC,231,001,12207,12/11/2022,1900,TBA,TBA
HIST,222,001,14006,12/11/2022,1900,TBA,TBA
LEAD,260,003,14720,12/11/2022,1900,KRF,125
ENGI,300,001,14734,12/11/2022,1400,TBA,TBA
UNIV,295,001,10703,12/11/2022,1400,TBA,TBA
RELI,403,012,13070,12/11/2022,1400,TBA,TBA
SPAN,323,901,12874,12/11/2022,1400,TBA,TBA
MUSI,444,001,12985,12/11/2022,1400,TBA,TBA
CHEM,280,001,12089,12/11/2022,1400,TBA,TBA
BIOE,401,011,11512,12/11/2022,1400,TBA,TBA
STAT,410,001,14872,12/11/2022,1900,TBA,TBA
ASTR,101,001,12306,12/11/2022,1900,HRZ,210
CEVE,499,009,11352,12/11/2022,1400,TBA,TBA
CEVE,499,008,15013,12/11/2022,1400,TBA,TBA
ECON,299,001,11687,12/11/2022,1400,TBA,TBA
PHIL,267,001,12999,12/11/2022,1400,TBA,TBA
COMP,409,001,10924,12/11/2022,1900,TBA,TBA
MSNE,401,001,11495,12/11/2022,1900,TBA,TBA
MECH,202,002,11937,12/11/2022,1400,KCK,100
CHEM,492,001,10394,12/11/2022,1400,TBA,TBA
STAT,305,001,10115,12/11/2022,1900,HRZ,AMP
STAT,305,002,10432,12/11/2022,1900,HRZ,AMP
ARTS,165,001,10611,12/11/2022,1900,TBA,TBA
SMGT,276,001,12199,12/11/2022,1900,TBA,TBA
COMP,509,001,11157,12/11/2022,1900,TBA,TBA
MATH,280,001,12256,12/11/2022,1400,TBA,TBA
BIOS,449,001,12447,12/11/2022,1900,TBA,TBA
HART,209,002,14637,12/11/2022,1900,TBA,TBA
DSCI,304,001,12169,12/11/2022,1900,DCH,1046
FREN,477,901,14889,12/11/2022,1400,TBA,TBA
BIOS,300,001,12546,12/11/2022,1900,BRK,101
CLAS,492,001,13323,12/11/2022,1400,TBA,TBA
CLAS,493,001,13833,12/11/2022,1400,TBA,TBA
BIOS,299,001,12341,12/11/2022,1400,TBA,TBA
BIOS,333,001,12394,12/11/2022,1900,TBA,TBA
BIOS,341,S01,12395,12/11/2022,1900,HRG,100
BIOS,385,002,13496,12/11/2022,1900,ABL,131
BIOS,401,001,12398,12/11/2022,1400,TBA,TBA
BIOS,401,027,12418,12/11/2022,1400,TBA,TBA
BIOS,401,042,12430,12/11/2022,1400,TBA,TBA
BIOS,401,055,12432,12/11/2022,1400,TBA,TBA
BIOS,401,063,12439,12/11/2022,1400,TBA,TBA
BIOS,401,065,14638,12/11/2022,1400,TBA,TBA
BIOS,401,066,15091,12/11/2022,1400,TBA,TBA
BIOS,549,001,12448,12/11/2022,1900,TBA,TBA
PHIL,125,001,14052,12/11/2022,1400,TBA,TBA
PHIL,130,002,12997,12/11/2022,1400,TBA,TBA
PHIL,160,001,14053,12/11/2022,1400,TBA,TBA
PHIL,210,001,12299,12/11/2022,1400,TBA,TBA
PHIL,265,001,14387,12/11/2022,1400,TBA,TBA
PHIL,281,001,12269,12/11/2022,1400,TBA,TBA
PHIL,330,001,13329,12/11/2022,1400,TBA,TBA
PHIL,345,001,12303,12/11/2022,1400,TBA,TBA
PHIL,360,001,12268,12/11/2022,1400,TBA,TBA
PHIL,373,001,13485,12/11/2022,1400,TBA,TBA
PHIL,460,001,14383,12/11/2022,1400,TBA,TBA
PHIL,498,007,14421,12/11/2022,1400,TBA,TBA
BIOS,215,001,12332,12/11/2022,1400,TBA,TBA
BIOS,215,002,12333,12/11/2022,1400,TBA,TBA
BIOS,215,003,12334,12/11/2022,1400,TBA,TBA
BIOS,215,004,12335,12/11/2022,1400,TBA,TBA
BIOS,215,005,12336,12/11/2022,1400,TBA,TBA
BIOS,216,001,12337,12/11/2022,1400,TBA,TBA
BIOS,216,002,12338,12/11/2022,1400,TBA,TBA
BIOS,216,003,12339,12/11/2022,1400,TBA,TBA
BIOS,216,005,14921,12/11/2022,1400,TBA,TBA
PHIL,400,001,13002,12/11/2022,1400,TBA,TBA
ENST,301,001,12570,12/11/2022,1900,TBA,TBA
UNIV,212,901,12846,12/11/2022,1400,TBA,TBA
PSYC,321,001,11371,12/11/2022,1900,DCH,1055
PSYC,485,008,10096,12/11/2022,1400,TBA,TBA
PSYC,485,013,10098,12/11/2022,1400,TBA,TBA
PSYC,485,001,10264,12/11/2022,1400,TBA,TBA
PSYC,485,002,10265,12/11/2022,1400,TBA,TBA
PSYC,485,009,10266,12/11/2022,1400,TBA,TBA
PSYC,485,015,10267,12/11/2022,1400,TBA,TBA
PSYC,485,005,10411,12/11/2022,1400,TBA,TBA
PSYC,485,006,10412,12/11/2022,1400,TBA,TBA
PSYC,485,004,10620,12/11/2022,1400,TBA,TBA
PSYC,485,003,11609,12/11/2022,1400,TBA,TBA
PSYC,485,012,12211,12/11/2022,1400,TBA,TBA
PSYC,485,010,12743,12/11/2022,1400,TBA,TBA
PSYC,499,001,10099,12/11/2022,1400,TBA,TBA
RCEL,241,001,11749,12/11/2022,1400,TBA,TBA
PSYC,663,001,14139,12/11/2022,1900,TBA,TBA
PSYC,463,001,14126,12/11/2022,1900,TBA,TBA
EEPS,111,001,13668,12/11/2022,1900,FULLY,ONLINE
EEPS,401,001,13377,12/11/2022,1400,TBA,TBA
EEPS,481,006,13254,12/11/2022,1400,TBA,TBA
EEPS,481,017,13267,12/11/2022,1400,TBA,TBA
EEPS,481,019,13268,12/11/2022,1400,TBA,TBA
EEPS,481,021,13270,12/11/2022,1400,TBA,TBA
PHIL,362,001,14388,12/11/2022,1400,TBA,TBA
STAT,490,002,13140,12/11/2022,1400,TBA,TBA
STAT,490,005,13143,12/11/2022,1400,TBA,TBA
EEPS,618,001,13357,12/11/2022,1900,KWG,128
NEUR,310,001,11147,12/11/2022,1400,TBA,TBA
EEPS,418,001,13354,12/11/2022,1900,KWG,128
ELEC,677,002,14607,12/11/2022,1900,TBA,TBA
FREN,311,001,14292,12/11/2022,1900,TBA,TBA
ANTH,200,003,12948,12/11/2022,1900,FULLY,ONLINE
MSNE,490,003,13735,12/11/2022,1400,TBA,TBA
FWIS,100,007,11530,12/11/2022,1900,TBA,TBA
FWIS,100,009,11763,12/11/2022,1900,TBA,TBA
FWIS,115,001,12569,12/11/2022,1900,TBA,TBA
POLI,307,001,10287,12/11/2022,1400,TBA,TBA
CHBE,495,004,10584,12/11/2022,1400,TBA,TBA
CHBE,495,011,10590,12/11/2022,1400,TBA,TBA
POLI,343,001,14063,12/11/2022,1900,RYN,201
NEUR,383,002,14887,12/11/2022,1400,TBA,TBA
FWIS,188,001,12548,12/11/2022,1900,TBA,TBA
FWIS,142,001,12913,12/11/2022,1900,TBA,TBA
FWIS,159,001,13720,12/11/2022,1900,TBA,TBA
CAAM,586,001,14608,12/11/2022,1900,HBH,227
CAAM,485,001,14614,12/11/2022,1900,HBH,227
CAAM,490,001,10320,12/11/2022,1400,TBA,TBA
CAAM,490,004,11302,12/11/2022,1400,TBA,TBA
CAAM,490,011,13958,12/11/2022,1400,TBA,TBA
ASIA,243,001,14360,12/11/2022,1900,TBA,TBA
RELI,431,001,14088,12/11/2022,1900,TBA,TBA
RELI,531,001,14089,12/11/2022,1900,TBA,TBA
SOCI,307,001,14353,12/11/2022,1900,TBA,TBA
MATH,451,001,14333,12/11/2022,1900,TBA,TBA
PHIL,289,001,14548,12/11/2022,1400,TBA,TBA
CSCI,299,001,14692,12/11/2022,1400,TBA,TBA
PHIL,100,001,12621,12/11/2022,1400,TBA,TBA
SPAN,490,001,14893,12/11/2022,1400,TBA,TBA
SPAN,495,001,14882,12/11/2022,1400,TBA,TBA
ENGL,301,003,13292,12/11/2022,1900,TBA,TBA
ENGL,301,004,13293,12/11/2022,1900,TBA,TBA
ENGL,305,003,14375,12/11/2022,1900,TBA,TBA
ENGL,305,004,14393,12/11/2022,1900,TBA,TBA
BIOS,310,001,12343,12/11/2022,1400,TBA,TBA
BIOS,310,002,12344,12/11/2022,1400,TBA,TBA
BIOS,310,003,12345,12/11/2022,1400,TBA,TBA
BIOS,310,004,12346,12/11/2022,1400,TBA,TBA
BIOS,310,010,12350,12/11/2022,1400,TBA,TBA
BIOS,310,012,12351,12/11/2022,1400,TBA,TBA
BIOS,310,014,12352,12/11/2022,1400,TBA,TBA
BIOS,310,016,12354,12/11/2022,1400,TBA,TBA
BIOS,310,022,12359,12/11/2022,1400,TBA,TBA
BIOS,310,027,12363,12/11/2022,1400,TBA,TBA
BIOS,310,029,12365,12/11/2022,1400,TBA,TBA
BIOS,310,030,12366,12/11/2022,1400,TBA,TBA
BIOS,310,031,12367,12/11/2022,1400,TBA,TBA
BIOS,310,032,12368,12/11/2022,1400,TBA,TBA
BIOS,310,033,12369,12/11/2022,1400,TBA,TBA
BIOS,310,035,12371,12/11/2022,1400,TBA,TBA
BIOS,310,039,12374,12/11/2022,1400,TBA,TBA
BIOS,310,042,12375,12/11/2022,1400,TBA,TBA
BIOS,310,054,12377,12/11/2022,1400,TBA,TBA
BIOS,310,056,12379,12/11/2022,1400,TBA,TBA
BIOS,310,058,12381,12/11/2022,1400,TBA,TBA
BIOS,310,062,12384,12/11/2022,1400,TBA,TBA
BIOS,310,063,12385,12/11/2022,1400,TBA,TBA
BIOS,310,053,12578,12/11/2022,1400,TBA,TBA
BIOS,310,067,12649,12/11/2022,1400,TBA,TBA
BIOS,310,018,13930,12/11/2022,1400,TBA,TBA
BIOS,310,060,14245,12/11/2022,1400,TBA,TBA
BIOS,310,057,14913,12/11/2022,1400,TBA,TBA
BIOS,310,099,14931,12/11/2022,1400,TBA,TBA
ANTH,344,002,13898,12/12/2022,0900,TBA,TBA
RELI,301,001,11603,12/12/2022,0900,TBA,TBA
RELI,515,001,11604,12/12/2022,0900,TBA,TBA
SOCI,101,001,10613,12/12/2022,1900,TBA,TBA
SOCI,380,003,13495,12/12/2022,1900,TBA,TBA
CHEM,212,S01,10600,12/12/2022,0900,DCH,1055
GLHT,451,001,10300,12/12/2022,1900,RYN,201
MUSI,339,002,10376,12/12/2022,0900,TBA,TBA
MUSI,339,003,10377,12/12/2022,0900,TBA,TBA
MUSI,339,006,10380,12/12/2022,0900,TBA,TBA
ENGL,385,001,13989,12/12/2022,0900,TBA,TBA
FILM,385,001,14244,12/12/2022,0900,TBA,TBA
KINE,302,001,10257,12/12/2022,1900,TBA,TBA
SWGS,494,001,10416,12/12/2022,0900,TBA,TBA
ELEC,494,001,10251,12/12/2022,1900,TBA,TBA
MSNE,406,001,10523,12/12/2022,0900,MEB,128
MSNE,506,001,10527,12/12/2022,0900,MEB,128
MUSI,340,001,10133,12/12/2022,0900,TBA,TBA
STAT,605,001,10647,12/12/2022,0900,TBA,TBA
ARCH,514,001,12064,12/12/2022,0900,TBA,TBA
SOSC,444,001,10687,12/12/2022,0900,TBA,TBA
ELEC,240,003,11699,12/12/2022,0900,TBA,TBA
RCEL,440,001,11752,12/12/2022,0900,TBA,TBA
BUSI,461,001,11945,12/12/2022,0900,TBA,TBA
PSYC,340,001,10094,12/12/2022,1900,TBA,TBA
ELEC,430,001,12236,12/12/2022,0900,TBA,TBA
STAT,405,001,10236,12/12/2022,0900,TBA,TBA
ENGL,245,001,14189,12/12/2022,0900,TBA,TBA
ECON,300,001,10992,12/12/2022,1900,KRF,110
BIOE,451,001,10087,12/12/2022,1900,RYN,201
MECH,407,001,10026,12/12/2022,1900,TBA,TBA
CHEM,211,S01,10253,12/12/2022,0900,HRZ,AMP
CHEM,211,S01,10253,12/12/2022,0900,HRZ,210
ECON,485,001,12884,12/12/2022,1900,TBA,TBA
CHEM,121,S01,13217,12/12/2022,0900,KCK,100
CHEM,121,S02,13218,12/12/2022,0900,HRG,100
CHEM,121,S03,13219,12/12/2022,0900,SEW,301
CHEM,121,S03,13219,12/12/2022,0900,TBA,TBA
CHEM,121,S04,14379,12/12/2022,0900,SEW,309
PSYC,330,001,14122,12/12/2022,1900,TBA,TBA
EEPS,114,001,13386,12/12/2022,0900,TBA,TBA
ANTH,544,002,13899,12/12/2022,0900,TBA,TBA
FREN,370,001,14044,12/12/2022,0900,TBA,TBA
BUSI,222,901,14381,12/12/2022,0900,TBA,TBA
FWIS,100,013,12907,12/12/2022,0900,TBA,TBA
FWIS,102,001,12223,12/12/2022,1900,TBA,TBA
FWIS,111,001,13997,12/12/2022,0900,TBA,TBA
FWIS,114,001,13520,12/12/2022,0900,TBA,TBA
RCEL,436,001,13633,12/12/2022,0900,TBA,TBA
ELEC,365,001,13637,12/12/2022,0900,TBA,TBA
MSNE,365,001,13636,12/12/2022,0900,TBA,TBA
BUSI,395,002,14344,12/12/2022,1900,TBA,TBA
BUSI,395,001,14345,12/12/2022,1900,TBA,TBA
BUSI,395,003,14391,12/12/2022,1900,TBA,TBA
BUSI,395,004,14892,12/12/2022,1900,TBA,TBA
HART,462,001,14338,12/12/2022,0900,TBA,TBA
HART,662,001,14352,12/12/2022,0900,TBA,TBA
COMP,140,001,13529,12/12/2022,1400,FULLY,ONLINE
COMP,140,003,13530,12/12/2022,1400,FULLY,ONLINE
COMP,140,002,13531,12/12/2022,1400,FULLY,ONLINE
COMP,140,004,13532,12/12/2022,1400,FULLY,ONLINE
COMP,140,901,13552,12/12/2022,1400,FULLY,ONLINE
CAAM,480,001,12812,12/12/2022,1900,TBA,TBA
CAAM,497,001,13452,12/12/2022,0900,TBA,TBA
COMP,442,001,14634,12/12/2022,0900,HRZ,212
COMP,301,001,11922,12/12/2022,0900,PCF,4
COMP,301,001,11922,12/12/2022,0900,PCF,3
COMP,510,001,14667,12/12/2022,0900,PCF,3
COMP,510,001,14667,12/12/2022,0900,PCF,4
COMP,341,001,14423,12/12/2022,0900,TBA,TBA
SPAN,406,001,14930,12/12/2022,0900,TBA,TBA
ENGL,301,001,13290,12/12/2022,0900,TBA,TBA
ENGL,301,002,13291,12/12/2022,0900,TBA,TBA
COMP,552,001,15017,12/12/2022,0900,HRZ,212
HUMA,201,002,10118,12/13/2022,0900,TBA,TBA
HUMA,309,001,10119,12/13/2022,1900,TBA,TBA
POLI,321,001,14762,12/13/2022,0900,KCK,102
SOCI,301,001,13125,12/13/2022,1900,FULLY,ONLINE
RELI,322,001,14386,12/13/2022,0900,TBA,TBA
ASIA,322,001,14398,12/13/2022,0900,TBA,TBA
SOCI,101,004,11601,12/13/2022,0900,FULLY,ONLINE
BIOE,385,003,10212,12/13/2022,1900,TBA,TBA
SWGS,101,001,14701,12/13/2022,1900,TBA,TBA
THEA,101,001,13167,12/13/2022,0900,TBA,TBA
THEA,301,001,12206,12/13/2022,1900,TBA,TBA
CEVE,434,002,10326,12/13/2022,0900,TBA,TBA
ARTS,388,001,10228,12/13/2022,0900,TBA,TBA
HIST,373,001,14015,12/13/2022,0900,TBA,TBA
SOCI,381,001,11370,12/13/2022,0900,TBA,TBA
CHBE,390,003,11585,12/13/2022,1900,SST,106
ASTR,350,002,12740,12/13/2022,0900,TBA,TBA
COMP,326,001,10205,12/13/2022,0900,HRZ,210
MATH,515,001,10302,12/13/2022,0900,TBA,TBA
MATH,539,001,10303,12/13/2022,1900,TBA,TBA
ELEC,326,001,10019,12/13/2022,0900,HRZ,210
ELEC,425,001,11705,12/13/2022,0900,TBA,TBA
STAT,310,001,10116,12/13/2022,1900,HRZ,AMP
CEVE,302,001,10315,12/13/2022,1900,DBH,180
ENGI,302,001,10316,12/13/2022,1900,DBH,180
CEVE,534,002,10327,12/13/2022,0900,TBA,TBA
ENGI,120,002,10417,12/13/2022,0900,TBA,TBA
ENGI,120,003,13526,12/13/2022,1900,TBA,TBA
ARCH,403,002,12646,12/13/2022,1900,TBA,TBA
MUSI,339,001,10375,12/13/2022,1900,TBA,TBA
MUSI,339,005,10379,12/13/2022,1900,TBA,TBA
HUMA,310,001,10120,12/13/2022,1400,TBA,TBA
BIOE,548,001,11595,12/13/2022,0900,TBA,TBA
RELI,385,001,14017,12/13/2022,1900,TBA,TBA
ELEC,548,001,11594,12/13/2022,0900,TBA,TBA
HIST,381,001,14016,12/13/2022,1900,TBA,TBA
SMGT,260,001,11988,12/13/2022,0900,TBA,TBA
SMGT,260,002,14110,12/13/2022,1900,TBA,TBA
KINE,311,003,14357,12/13/2022,1400,TBA,TBA
LING,397,001,14030,12/13/2022,1900,TBA,TBA
POLI,324,001,14237,12/13/2022,1900,HUM,118
MECH,472,001,10597,12/13/2022,1400,TBA,TBA
RELI,375,001,14084,12/13/2022,1900,TBA,TBA
HART,328,001,14085,12/13/2022,1900,TBA,TBA
ENGL,100,001,12895,12/13/2022,1900,TBA,TBA
RELI,476,001,14238,12/13/2022,1900,HUM,118
ASIA,355,001,14177,12/13/2022,1900,TBA,TBA
MATH,425,001,10062,12/13/2022,0900,TBA,TBA
ENGI,220,003,13641,12/13/2022,1900,TBA,TBA
ENGI,220,002,13643,12/13/2022,0900,TBA,TBA
FILM,336,001,14178,12/13/2022,1900,TBA,TBA
HART,336,001,14176,12/13/2022,1900,TBA,TBA
HEAL,132,001,13399,12/13/2022,1900,TBA,TBA
UNIV,215,001,10580,12/13/2022,1400,TBA,TBA
ECON,203,002,12882,12/13/2022,1900,TBA,TBA
ELEC,491,010,14661,12/13/2022,1900,TBA,TBA
ELEC,554,001,11709,12/13/2022,0900,TBA,TBA
CHEM,415,001,12655,12/13/2022,0900,TBA,TBA
COMP,425,001,11708,12/13/2022,0900,TBA,TBA
BIOE,392,001,14898,12/13/2022,1900,TBA,TBA
STAT,418,001,10628,12/13/2022,0900,RYN,201
COMP,554,001,11710,12/13/2022,0900,TBA,TBA
COMP,550,001,10694,12/13/2022,1900,ABL,131
MECH,550,001,10696,12/13/2022,1900,ABL,131
COMP,450,001,10053,12/13/2022,1900,ABL,131
ELEC,450,001,10233,12/13/2022,1900,ABL,131
MECH,450,001,10234,12/13/2022,1900,ABL,131
BUSI,380,001,14300,12/13/2022,0900,TBA,TBA
ARTS,311,002,13500,12/13/2022,1900,TBA,TBA
STAT,605,002,11135,12/13/2022,1400,TBA,TBA
ECON,441,001,12883,12/13/2022,1900,TBA,TBA
HONS,470,001,10319,12/13/2022,1400,TBA,TBA
ARCH,450,002,14779,12/13/2022,1900,TBA,TBA
ARCH,550,002,15070,12/13/2022,1900,TBA,TBA
ARCH,550,005,15073,12/13/2022,1900,TBA,TBA
ARTS,225,001,11659,12/13/2022,1900,TBA,TBA
CHEM,215,002,12692,12/13/2022,1900,TBA,TBA
CHEM,366,001,11168,12/13/2022,1900,TBA,TBA
CHEM,367,001,10669,12/13/2022,1900,TBA,TBA
ARCH,207,001,13625,12/13/2022,1900,TBA,TBA
ANTH,203,001,12254,12/13/2022,1900,HRZ,212
ENGL,338,001,14236,12/13/2022,1900,TBA,TBA
MSNE,517,001,11901,12/13/2022,1900,MEB,128
MDHM,201,001,11689,12/13/2022,0900,TBA,TBA
PJHC,371,001,13432,12/13/2022,0900,TBA,TBA
SOPA,200,002,11870,12/13/2022,1900,TBA,TBA
ANTH,596,001,13903,12/13/2022,0900,TBA,TBA
ANTH,396,001,13902,12/13/2022,0900,TBA,TBA
SOCI,396,001,14330,12/13/2022,0900,TBA,TBA
MSNE,417,001,11900,12/13/2022,1900,MEB,128
ARCH,346,001,13660,12/13/2022,0900,TBA,TBA
ECON,497,001,12885,12/13/2022,0900,KRF,105
COMP,382,002,11155,12/13/2022,0900,FULLY,ONLINE
COMP,382,003,11156,12/13/2022,0900,FULLY,ONLINE
ECON,450,001,13973,12/13/2022,1400,TBA,TBA
HIST,220,001,12920,12/13/2022,0900,TBA,TBA
PSYC,101,002,10093,12/13/2022,0900,HRZ,211
PSYC,101,002,10093,12/13/2022,0900,HRZ,AMP
PSYC,101,003,13804,12/13/2022,1900,DCH,1055
PSYC,101,003,13804,12/13/2022,1900,HRZ,210
PSYC,203,002,10543,12/13/2022,1900,BRK,101
PSYC,231,002,14120,12/13/2022,0900,TBA,TBA
MATH,444,001,10063,12/13/2022,1900,TBA,TBA
ENGI,210,004,15044,12/13/2022,1400,TBA,TBA
SMGT,350,001,10516,12/13/2022,1900,TBA,TBA
BUSI,220,001,11943,12/13/2022,1900,TBA,TBA
ECON,307,001,10301,12/13/2022,1900,HRZ,AMP
ECON,100,001,10633,12/13/2022,0900,FULLY,ONLINE
COMP,514,001,11971,12/13/2022,0900,HRZ,212
STAT,405,002,11134,12/13/2022,1400,TBA,TBA
HEAL,380,002,12766,12/13/2022,1900,TBA,TBA
BIOE,341,001,12551,12/13/2022,0900,BRC,282
CHBE,468,001,12557,12/13/2022,1400,DCH,1075
COMP,417,001,11951,12/13/2022,0900,DCH,1075
HEAL,580,002,12769,12/13/2022,1900,TBA,TBA
COMP,517,001,11962,12/13/2022,0900,DCH,1075
CEVE,325,001,11963,12/13/2022,1400,TBA,TBA
RELI,610,001,12308,12/13/2022,1900,TBA,TBA
ENGL,322,001,12243,12/13/2022,1900,TBA,TBA
THEA,102,001,10701,12/13/2022,0900,TBA,TBA
ECON,209,001,13299,12/13/2022,1900,KRF,120
ANTH,363,001,13900,12/13/2022,0900,TBA,TBA
COMP,414,001,11986,12/13/2022,0900,HRZ,212
KINE,321,003,11757,12/13/2022,0900,TBA,TBA
ELEC,483,001,11733,12/13/2022,0900,TBA,TBA
ARTS,165,003,14776,12/13/2022,1900,TBA,TBA
SMGT,320,001,12540,12/13/2022,0900,TBA,TBA
PSYC,325,001,10570,12/13/2022,0900,SEW,301
LING,325,001,10573,12/13/2022,0900,SEW,301
CHBE,568,001,12099,12/13/2022,1400,DCH,1075
CHEM,301,001,11654,12/13/2022,0900,TBA,TBA
ELEC,301,001,11698,12/13/2022,1900,TBA,TBA
ARTS,230,001,12204,12/13/2022,1900,TBA,TBA
FILM,275,001,12205,12/13/2022,1900,TBA,TBA
MECH,203,001,11940,12/13/2022,0900,TBA,TBA
MECH,203,002,11941,12/13/2022,1900,TBA,TBA
CHEM,205,003,13224,12/13/2022,1900,TBA,TBA
DSCI,304,002,12170,12/13/2022,0900,DCH,1046
FREN,324,001,14043,12/13/2022,1900,HUM,118
BIOS,213,001,12331,12/13/2022,1900,TBA,TBA
GERM,335,001,14048,12/13/2022,1900,TBA,TBA
KINE,300,001,10111,12/13/2022,1400,TBA,TBA
KINE,301,002,10598,12/13/2022,1400,TBA,TBA
GERM,399,001,13427,12/13/2022,1900,TBA,TBA
BIOS,204,001,12317,12/13/2022,1400,TBA,TBA
BIOS,211,002,12319,12/13/2022,1900,TBA,TBA
BIOS,211,004,12321,12/13/2022,1900,TBA,TBA
BIOS,211,008,12325,12/13/2022,1900,TBA,TBA
BIOS,211,010,12327,12/13/2022,1900,TBA,TBA
BIOS,311,002,12388,12/13/2022,1900,TBA,TBA
BIOS,311,003,13347,12/13/2022,1900,TBA,TBA
BIOS,332,001,12749,12/13/2022,0900,TBA,TBA
BIOS,344,S01,14264,12/13/2022,0900,GRB,W212
BIOS,423,001,12444,12/13/2022,1900,TBA,TBA
BIOS,532,001,12756,12/13/2022,0900,TBA,TBA
ECON,320,001,12250,12/13/2022,0900,TBA,TBA
BIOS,122,002,13697,12/13/2022,0900,ABL,131
BIOS,425,001,13203,12/13/2022,1900,TBA,TBA
HIST,331,001,14012,12/13/2022,1900,TBA,TBA
JWST,201,001,12537,12/13/2022,0900,TBA,TBA
MUCH,423,001,12629,12/13/2022,1400,TBA,TBA
RELI,410,001,12309,12/13/2022,1900,TBA,TBA
EEPS,109,001,14226,12/13/2022,0900,KWG,100
ENGL,200,002,13344,12/13/2022,0900,TBA,TBA
POLI,395,002,11884,12/13/2022,1900,TBA,TBA
PSYC,333,001,11373,12/13/2022,0900,TBA,TBA
PSYC,308,001,14121,12/13/2022,0900,TBA,TBA
PSYC,351,001,11607,12/13/2022,1900,SEW,309
PSYC,488,014,11333,12/13/2022,1400,TBA,TBA
BIOE,571,001,13514,12/13/2022,0900,TBA,TBA
CHEM,319,001,12572,12/13/2022,0900,BRC,284
BIOS,318,002,12392,12/13/2022,1900,TBA,TBA
CSCI,340,001,12802,12/13/2022,1900,TBA,TBA
EEPS,433,001,13966,12/13/2022,0900,ABL,130
EEPS,633,001,13967,12/13/2022,0900,ABL,130
ENGL,101,001,14339,12/13/2022,0900,TBA,TBA
FREN,307,001,14291,12/13/2022,0900,TBA,TBA
KINE,440,001,11496,12/13/2022,1400,TBA,TBA
BUSI,420,001,14301,12/13/2022,1900,TBA,TBA
BUSI,420,002,14346,12/13/2022,1900,TBA,TBA
FWIS,100,008,10743,12/13/2022,0900,TBA,TBA
FWIS,100,010,12778,12/13/2022,1900,TBA,TBA
FWIS,100,014,14955,12/13/2022,0900,TBA,TBA
FWIS,123,001,15012,12/13/2022,0900,TBA,TBA
BIOE,541,001,13700,12/13/2022,0900,BRC,282
ASIA,224,001,14374,12/13/2022,0900,TBA,TBA
MECH,371,002,12584,12/13/2022,1900,TBA,TBA
POLI,359,001,14807,12/13/2022,1900,TBA,TBA
MECH,466,002,14610,12/13/2022,1900,TBA,TBA
COLL,192,001,14310,12/13/2022,1400,TBA,TBA
COLL,135,001,14316,12/13/2022,1400,TBA,TBA
COLL,135,002,14721,12/13/2022,1400,TBA,TBA
HUMA,131,001,14336,12/13/2022,1900,TBA,TBA
CEVE,101,001,10089,12/13/2022,0900,TBA,TBA
SPAN,356,001,14928,12/13/2022,0900,TBA,TBA
FWIS,188,002,12640,12/13/2022,0900,TBA,TBA
FWIS,188,003,13724,12/13/2022,1900,TBA,TBA
FWIS,181,001,14003,12/13/2022,1900,TBA,TBA
FWIS,130,001,12911,12/13/2022,0900,TBA,TBA
FWIS,130,002,12912,12/13/2022,1900,TBA,TBA
FWIS,153,001,14795,12/13/2022,0900,HUM,119
FWIS,155,001,14670,12/13/2022,0900,TBA,TBA
BIOS,118,002,13200,12/13/2022,1900,TBA,TBA
ANTH,563,001,13901,12/13/2022,0900,TBA,TBA
DSCI,305,002,14510,12/13/2022,0900,TBA,TBA
CAAM,378,001,11700,12/13/2022,1900,HRG,100
CAAM,495,001,10248,12/13/2022,1400,TBA,TBA
SOCI,334,001,14195,12/13/2022,0900,TBA,TBA
SWGS,325,001,14206,12/13/2022,0900,TBA,TBA
ASIA,380,001,14362,12/13/2022,1900,TBA,TBA
HIST,380,001,14372,12/13/2022,1900,TBA,TBA
ASIA,383,001,14363,12/13/2022,1900,TBA,TBA
BIOS,212,002,12330,12/13/2022,1900,TBA,TBA
BIOS,212,004,12555,12/13/2022,1900,TBA,TBA
ENGL,262,001,14327,12/13/2022,0900,TBA,TBA
HART,118,001,14302,12/13/2022,0900,SEW,309
HART,390,001,14365,12/13/2022,1900,TBA,TBA
HART,591,001,14373,12/13/2022,1900,TBA,TBA
ARTS,103,001,13166,12/13/2022,0900,TBA,TBA
ENST,100,001,10631,12/13/2022,0900,TBA,TBA
ENST,100,002,15077,12/13/2022,0900,TBA,TBA
ENST,100,003,15079,12/13/2022,0900,TBA,TBA
ENST,100,004,15081,12/13/2022,0900,TBA,TBA
ARCH,105,001,10632,12/13/2022,0900,TBA,TBA
ARCH,105,002,15078,12/13/2022,0900,TBA,TBA
ARCH,105,003,15080,12/13/2022,0900,TBA,TBA
ARCH,105,004,15082,12/13/2022,0900,TBA,TBA
ENGL,304,001,12898,12/13/2022,1900,TBA,TBA
ENGL,304,002,13336,12/13/2022,1900,TBA,TBA