SUBJECT,COURSE_NUMBER,SECTION,CRN,EXAM_DATE,EXAM_TIME,BUILDING_CODE,ROOM_CODE
SOCI,459,001,15400,12/11/2023,1400,,
SOCI,366,001,13127,12/9/2023,1900,,
SOCI,409,001,15395,12/6/2023,0900,,
SOCI,426,001,15397,12/8/2023,1900,,
SOCI,380,003,13495,12/6/2023,0900,,
SOCI,231,001,15434,12/6/2023,1400,KRF,110
SOCI,301,001,15435,12/6/2023,1400,HRG,100
SOCI,309,001,14096,12/11/2023,1900,,
SOCI,307,001,14353,12/10/2023,1900,,
SWGS,205,001,14765,12/7/2023,1400,,
SWGS,477,001,15432,12/8/2023,1900,,
SWGS,338,001,15496,12/10/2023,1900,,
SWGS,345,001,15505,12/6/2023,1400,SEW,309
SMGT,350,001,10516,12/11/2023,1400,,
SMGT,260,001,11988,12/10/2023,1900,,
SMGT,276,001,12199,12/12/2023,0900,,
SMGT,366,001,12244,12/6/2023,0900,,
SMGT,320,001,12540,12/10/2023,1900,,
SMGT,450,001,12541,12/11/2023,1900,,
SMGT,260,002,14110,12/11/2023,1400,,
SMGT,440,004,15820,12/11/2023,1900,,
ARTS,165,002,14776,12/11/2023,1400,,
ASTR,470,001,10209,12/11/2023,1900,HBH,427
ARTS,225,003,15827,12/11/2023,1900,,
ARTS,312,001,15379,12/11/2023,1900,,
ASIA,495,001,13380,12/8/2023,1400,,
ASIA,219,001,14358,12/12/2023,0900,,
ASIA,380,001,14362,12/10/2023,1900,,
ASIA,222,001,14401,12/12/2023,0900,,
ASIA,360,001,15648,12/6/2023,0900,,
ASIA,223,001,15256,12/8/2023,1400,,
ASIA,302,001,15257,12/9/2023,1900,,
ASIA,305,001,15258,12/6/2023,0900,,
ASIA,378,001,15486,12/6/2023,1400,,
ASIA,221,001,15488,12/8/2023,0900,,
ASIA,322,001,16183,12/9/2023,1900,HUM,119
ASIA,238,001,16325,12/7/2023,1900,,
SMGT,266,001,14787,12/7/2023,1900,,
SMGT,440,003,15821,12/12/2023,0900,,
SMGT,432,001,15547,12/8/2023,1900,,
SMGT,360,001,15422,12/10/2023,1900,KRF,125
SMGT,364,001,15423,12/9/2023,1900,,
SMGT,400,001,15426,12/6/2023,0900,,
AFSC,201,001,10305,12/8/2023,1400,,
AFSC,101,004,11113,12/6/2023,0900,,
JWST,318,001,16108,12/6/2023,1400,BKH,102
PJHC,300,001,12100,12/6/2023,0900,,
PJHC,371,001,15673,12/12/2023,0900,,
LEAD,402,001,15571,12/8/2023,1400,,
LEAD,215,001,15572,12/9/2023,1400,,
MDHM,201,001,11689,12/11/2023,1400,,
FWIS,153,001,16365,12/11/2023,1400,,
FWIS,176,001,16366,12/8/2023,1900,,
ASTR,451,001,10282,12/8/2023,0900,HBH,453
ASTR,400,001,12810,12/11/2023,1900,,
ASTR,101,001,12306,12/12/2023,0900,DBH,180
ASTR,350,002,12740,12/10/2023,1900,HBH,427
ASTR,102,001,14056,12/11/2023,1900,HBH,227
BIOE,252,001,10084,12/7/2023,1900,SEW,309
BIOE,451,001,10087,12/6/2023,0900,KCK,100
COMM,120,001,16386,12/6/2023,0900,,
COMM,120,002,16387,12/8/2023,1400,,
COMM,110,002,16399,12/8/2023,1400,,
COMM,120,003,16465,12/6/2023,1400,,
MDHM,402,001,11690,12/6/2023,1900,,
MDHM,430,001,11879,12/6/2023,1900,,
MDHM,359,001,15644,12/10/2023,1900,,
MDHM,238,001,16284,12/6/2023,1400,,
MDHM,238,006,15529,12/6/2023,1400,,
COLL,114,001,15611,12/8/2023,1400,,
COLL,185,002,15800,12/6/2023,1900,,
COLL,153,001,15581,12/6/2023,0900,,
COLL,169,001,15582,12/6/2023,1400,,
COLL,172,001,15583,12/11/2023,1900,,
COLL,175,001,15584,12/6/2023,0900,,
FWIS,180,001,16367,12/8/2023,0900,,
FWIS,153,002,16368,12/10/2023,1900,,
FWIS,166,001,16374,12/10/2023,1900,KRF,120
FWIS,175,001,16375,12/11/2023,1900,,
FWIS,188,004,16471,12/11/2023,1400,,
RCEL,100,001,11738,12/8/2023,1400,,
RCEL,440,001,11752,12/6/2023,1400,,
RCEL,450,001,11753,12/11/2023,1900,,
RCEL,400,001,11775,12/8/2023,1400,,
RCEL,200,002,12032,12/8/2023,1400,,
RCEL,436,001,13633,12/6/2023,1400,,
RCEL,410,001,13740,12/6/2023,1900,,
RCEL,420,002,16424,12/6/2023,1900,,
ANTH,490,012,12147,12/12/2023,1900,,
ANTH,490,013,12851,12/12/2023,1900,,
ANTH,490,002,13913,12/12/2023,1900,,
ANTH,490,007,13916,12/12/2023,1900,,
ARTS,400,001,16106,12/12/2023,1900,,
ARTS,300,001,16332,12/12/2023,1900,,
ASTR,461,001,14334,12/12/2023,1900,,
BIOE,400,001,10086,12/12/2023,1900,,
BUSI,395,001,14345,12/7/2023,1400,,
BUSI,395,003,14391,12/7/2023,1400,,
BUSI,360,001,14671,12/6/2023,1900,,
BUSI,222,001,16285,12/9/2023,1900,,
BUSI,224,001,15807,12/12/2023,1400,,
BUSI,430,001,15535,12/9/2023,0900,,
BUSI,440,001,15536,12/8/2023,1400,,
BUSI,305,004,16017,12/12/2023,1900,,
BUSI,343,003,16083,12/7/2023,1400,,
BUSI,310,003,16383,12/10/2023,0900,,
GLHT,451,001,10300,12/6/2023,0900,KCK,100
GLHT,201,001,10299,12/11/2023,1900,,
GLHT,314,001,11671,12/6/2023,1900,,
GLHT,392,001,14903,12/11/2023,1400,,
CHBE,301,002,10594,12/7/2023,1400,SST,106
CHBE,390,003,11585,12/11/2023,1400,SST,106
CHBE,401,003,11586,12/12/2023,0900,RYN,201
CHBE,468,001,12557,12/6/2023,0900,DCH,1046
CHBE,403,002,12636,12/7/2023,1400,,
CHBE,470,002,13499,12/7/2023,1900,DCH,1046
CHBE,243,001,14347,12/7/2023,1900,,
CHBE,412,001,15194,12/7/2023,1400,DCH,1064
CHBE,421,001,15779,12/9/2023,1900,,
CHBE,443,002,16070,12/11/2023,1400,,
CHBE,302,004,16071,12/6/2023,1400,,
SWGS,494,001,10416,12/11/2023,1400,,
SWGS,380,001,15525,12/11/2023,1400,,
SWGS,101,001,14701,12/12/2023,0900,ANH,117
EDUC,345,001,13327,12/6/2023,0900,,
EDUC,466,001,13647,12/6/2023,1900,,
EDUC,465,001,13648,12/6/2023,1900,,
EDUC,461,001,13650,12/6/2023,1900,,
EDUC,421,001,13651,12/6/2023,1900,,
COLL,108,001,15585,12/6/2023,0900,,
COLL,156,001,15586,12/11/2023,1900,,
COLL,167,001,15587,12/8/2023,1400,,
COLL,118,001,15588,12/8/2023,1400,,
COLL,178,001,15602,12/6/2023,0900,,
COLL,180,001,15603,12/8/2023,1400,,
COLL,183,001,15604,12/6/2023,1900,,
COLL,184,001,15605,12/6/2023,0900,,
COLL,186,001,15607,12/8/2023,1400,,
COLL,179,001,15608,12/6/2023,0900,,
COLL,188,001,15609,12/6/2023,1900,,
COLL,189,001,15610,12/6/2023,0900,,
COLL,167,002,16068,12/6/2023,0900,,
COLL,222,001,16340,12/6/2023,0900,,
PLST,305,001,11682,12/6/2023,1900,,
PLST,401,001,11686,12/8/2023,1400,,
PLST,307,001,15645,12/9/2023,1900,,
PLST,315,001,15371,12/10/2023,1900,HUM,328
CMST,203,001,12845,12/9/2023,1900,SEW,309
CMST,201,001,12973,12/11/2023,1900,,
DSCI,304,001,12169,12/12/2023,0900,DCH,1042
DSCI,304,002,12170,12/10/2023,1900,DCH,1042
DSCI,301,001,11913,12/11/2023,1900,ABL,131
BIOE,401,011,11512,12/12/2023,1900,,
BIOS,215,001,12332,12/12/2023,1900,,
BIOS,215,002,12333,12/12/2023,1900,,
BIOS,215,003,12334,12/12/2023,1900,,
BIOS,215,004,12335,12/12/2023,1900,,
BIOS,215,005,12336,12/12/2023,1900,,
BIOS,216,001,12337,12/12/2023,1900,,
BIOS,216,002,12338,12/12/2023,1900,,
BIOS,216,003,12339,12/12/2023,1900,,
BIOS,299,001,12341,12/12/2023,1900,,
BIOS,310,001,12343,12/6/2023,0900,,
BIOS,310,002,12344,12/6/2023,0900,,
BIOS,310,003,12345,12/6/2023,0900,,
BIOS,310,004,12346,12/6/2023,0900,,
BIOS,310,006,12347,12/6/2023,0900,,
BIOS,310,007,12348,12/6/2023,0900,,
BIOS,310,010,12350,12/6/2023,0900,,
BIOS,310,012,12351,12/6/2023,0900,,
BIOS,310,014,12352,12/6/2023,0900,,
BIOS,310,015,12353,12/6/2023,0900,,
BIOS,310,016,12354,12/6/2023,0900,,
BIOS,310,022,12359,12/6/2023,0900,,
BIOS,310,027,12363,12/6/2023,0900,,
BIOS,310,029,12365,12/6/2023,0900,,
BIOS,310,030,12366,12/6/2023,0900,,
BIOS,310,031,12367,12/6/2023,0900,,
BIOS,310,032,12368,12/6/2023,0900,,
BIOS,310,033,12369,12/6/2023,0900,,
BIOS,310,042,12375,12/6/2023,0900,,
BIOS,310,054,12377,12/6/2023,0900,,
BIOS,310,055,12378,12/6/2023,0900,,
BIOS,310,056,12379,12/6/2023,0900,,
BIOS,310,058,12381,12/6/2023,0900,,
BIOS,310,059,12382,12/6/2023,0900,,
BIOS,310,061,12383,12/6/2023,0900,,
BIOS,310,064,12386,12/6/2023,0900,,
BIOS,401,001,12398,12/12/2023,1900,,
BIOS,401,030,12421,12/12/2023,1900,,
BIOS,310,053,12578,12/12/2023,1900,,
BIOS,310,067,12649,12/12/2023,1900,,
BIOS,310,065,13801,12/12/2023,1900,,
BIOS,310,060,14245,12/12/2023,1900,,
BIOS,401,065,14638,12/12/2023,1900,,
BIOS,310,057,14913,12/12/2023,1900,,
BIOS,310,066,14914,12/12/2023,1900,,
BIOS,216,005,14921,12/12/2023,1900,,
BIOS,216,006,16254,12/12/2023,1900,,
MUSI,317,003,11670,12/11/2023,1400,,
MUSI,416,001,12183,12/12/2023,0900,,
MUSI,426,001,15133,12/11/2023,1400,,
MUSI,335,001,12982,12/9/2023,1900,,
MUSI,444,001,12985,12/12/2023,0900,,
MUSI,342,003,13693,12/8/2023,1400,,
MUSI,413,001,14144,12/8/2023,1900,,
MUSI,334,002,14725,12/8/2023,1400,,
MUSI,414,001,15834,12/8/2023,0900,,
NAVA,101,001,10073,12/10/2023,1900,,
NAVA,403,001,10419,12/6/2023,0900,,
NAVA,203,001,11633,12/6/2023,0900,,
NAVA,302,001,14282,12/7/2023,1900,,
NAVA,303,001,15530,12/12/2023,0900,,
NEUR,415,001,15725,12/8/2023,0900,,
NEUR,383,002,14887,12/8/2023,1400,,
NEUR,477,001,16111,12/9/2023,1400,,
NEUR,362,002,16352,12/11/2023,1400,SEW,307
NSCI,120,002,10596,12/12/2023,0900,,
NSCI,120,003,10617,12/10/2023,1900,,
NSCI,120,001,10930,12/6/2023,0900,,
PHIL,130,002,12997,12/9/2023,1900,,
PHIL,373,001,13485,12/11/2023,1900,,
PHIL,289,001,15545,12/6/2023,1400,,
PHIL,125,001,14052,12/9/2023,1900,,
PHIL,160,001,14053,12/9/2023,1400,,
PHIL,220,001,15774,12/12/2023,0900,,
DSCI,101,001,12785,12/9/2023,1900,,
DSCI,303,002,14613,12/11/2023,1400,HRZ,210
DSCI,305,002,14510,12/10/2023,1900,,
DSCI,435,002,14866,12/9/2023,1900,,
MDEM,120,001,15668,12/8/2023,0900,,
MDEM,271,001,15679,12/12/2023,0900,,
EMSP,282,0F1,10574,12/6/2023,1900,BRK,101
EMSP,281,0F1,10722,12/6/2023,1900,BRK,101
LALX,332,001,15631,12/7/2023,1900,,
LALX,158,001,14406,12/11/2023,1400,,
LALX,238,001,15431,12/11/2023,1900,,
LALX,350,001,15348,12/6/2023,1400,,
EEPS,471,001,15411,12/11/2023,1900,KWG,100
EEPS,110,001,13258,12/8/2023,0900,ABL,131
EEPS,322,001,13262,12/7/2023,1900,KWG,100
BIOS,310,052,16442,12/12/2023,1900,,
BIOS,310,040,16421,12/12/2023,1900,,
CHEM,491,001,10201,12/12/2023,1900,,
CHEM,492,001,10394,12/12/2023,1900,,
CHEM,391,001,10540,12/12/2023,1900,,
CHEM,280,001,12089,12/12/2023,1900,,
COMP,390,003,10883,12/12/2023,1900,,
COMP,390,004,10884,12/12/2023,1900,,
COMP,390,002,10882,12/12/2023,1900,,
COMP,490,003,11504,12/12/2023,1900,DCH,1046
COMP,490,002,11285,12/12/2023,1900,,
COMP,490,004,11854,12/12/2023,1900,,
COMP,390,013,12112,12/12/2023,1900,,
COMP,490,008,12642,12/12/2023,1900,,
COMP,490,010,12741,12/12/2023,1900,,
COMP,490,014,12841,12/12/2023,1900,,
COMP,390,015,13727,12/12/2023,1900,,
COMP,390,017,14738,12/12/2023,1900,,
COMP,390,018,14925,12/12/2023,1900,,
COMP,490,018,15047,12/12/2023,1900,,
COMP,390,020,16455,12/12/2023,1900,,
COMP,390,021,16469,12/12/2023,1900,,
CSCI,390,001,10206,12/12/2023,1900,,
CSCI,481,001,10207,12/12/2023,1900,,
ECON,399,001,10625,12/12/2023,1900,,
ECON,498,001,10637,12/12/2023,1900,,
ECON,299,001,11687,12/12/2023,1900,,
ECON,498,002,15805,12/12/2023,1900,,
ECON,498,003,16313,12/12/2023,1900,,
ECON,498,004,16372,12/12/2023,1900,,
ECON,498,005,16427,12/12/2023,1900,,
BUSI,296,001,10222,12/7/2023,1400,,
BUSI,310,002,10310,12/6/2023,0900,,
BUSI,310,001,10650,12/8/2023,1900,,
BUSI,305,001,11375,12/8/2023,1900,,
BUSI,343,001,11377,12/8/2023,1900,,
BUSI,343,002,11378,12/8/2023,1400,,
BUSI,223,001,11432,12/11/2023,1900,,
BUSI,390,001,11683,12/11/2023,1900,,
BUSI,461,001,11945,12/11/2023,1400,,
BUSI,450,001,13453,12/12/2023,0900,,
BUSI,221,001,14296,12/12/2023,0900,,
BUSI,305,003,14299,12/12/2023,0900,,
BUSI,380,001,14300,12/10/2023,1900,,
BUSI,420,001,14301,12/11/2023,1400,,
BUSI,401,001,14303,12/6/2023,1900,,
BUSI,395,002,14344,12/7/2023,1400,,
EEPS,321,001,13263,12/8/2023,0900,,
EEPS,410,001,13352,12/9/2023,1400,KWG,128
EEPS,401,001,13377,12/9/2023,1400,,
EEPS,114,001,13386,12/6/2023,0900,,
EEPS,115,001,15406,12/8/2023,1900,ABL,131
EEPS,412,001,15407,12/8/2023,1400,KWG,128
EEPS,465,001,15409,12/8/2023,1900,KWG,128
EEPS,101,001,15405,12/7/2023,1900,HRG,100
EEPS,480,001,15826,12/11/2023,1400,,
EEPS,106,001,16171,12/12/2023,0900,KRF,105
EEPS,438,002,16277,12/6/2023,0900,BRK,101
SOPA,200,002,11870,12/11/2023,1400,KRF,110
SOPA,400,003,13534,12/11/2023,1900,KRF,110
SOPA,309,001,15128,12/8/2023,1400,ANH,117
FOTO,205,001,14628,12/8/2023,1400,,
ECON,499,001,16428,12/12/2023,1900,,
ELEC,491,001,10918,12/12/2023,1900,,
ELEC,491,005,10870,12/12/2023,1900,,
ELEC,490,003,12219,12/12/2023,1900,,
ELEC,491,007,12238,12/12/2023,1900,,
ELEC,491,008,12252,12/12/2023,1900,,
ELEC,490,006,12721,12/12/2023,1900,,
ELEC,490,011,13723,12/12/2023,1900,,
ELEC,490,018,15084,12/12/2023,1900,,
ELEC,490,019,15114,12/12/2023,1900,,
ELEC,490,020,16025,12/12/2023,1900,,
ENGI,330,001,10364,12/12/2023,1900,,
ENGI,220,003,16473,12/11/2023,0900,,
ENGL,493,002,12904,12/12/2023,1900,,
ENGL,493,001,13814,12/12/2023,1900,,
ENGL,493,003,16138,12/12/2023,1900,,
ENGL,493,004,16152,12/12/2023,1900,,
ENGL,493,006,16458,12/12/2023,1900,,
ENGL,493,005,16452,12/12/2023,1900,,
FREN,403,001,13325,12/12/2023,1900,,
GERM,491,001,16085,12/12/2023,1900,,
HART,300,001,11553,12/12/2023,1900,,
HART,402,002,12023,12/12/2023,1900,,
HART,402,003,12024,12/12/2023,1900,,
HART,400,001,12638,12/12/2023,1900,,
HART,301,001,14786,12/12/2023,1900,,
HEAL,499,003,10110,12/12/2023,1900,,
HEAL,499,006,11498,12/12/2023,1900,,
HEAL,495,003,11499,12/12/2023,1900,,
HEAL,379,003,11500,12/12/2023,1900,,
HEAL,499,010,16294,12/12/2023,1900,,
HEAL,279,001,15203,12/12/2023,1900,,
HUMA,399,001,16440,12/12/2023,1900,,
KINE,499,002,10112,12/12/2023,1900,,
KINE,499,003,10113,12/12/2023,1900,,
KINE,375,002,10360,12/12/2023,1900,,
MATH,304,001,15510,12/11/2023,1400,ABL,131
MECH,340,001,10025,12/8/2023,1400,,
MECH,407,001,10026,12/6/2023,0900,,
MECH,450,001,10234,12/11/2023,1400,DCH,1055
MECH,371,001,10317,12/7/2023,1900,DCH,1070
MECH,472,001,10597,12/6/2023,1400,,
MECH,340,002,11313,12/11/2023,1900,,
MECH,340,003,11314,12/8/2023,1400,,
MECH,340,004,11315,12/11/2023,1900,,
MECH,454,001,11410,12/12/2023,0900,,
MECH,332,001,11916,12/11/2023,1900,,
MECH,202,002,11937,12/6/2023,1900,HRZ,AMP
MECH,202,001,11939,12/7/2023,1900,DCH,1055
MECH,203,001,11940,12/10/2023,1900,,
MECH,203,002,11941,12/11/2023,1400,,
MECH,484,001,11946,12/11/2023,1900,,
MECH,332,004,11976,12/11/2023,1900,,
MECH,343,001,12573,12/7/2023,1400,HRZ,212
MECH,371,002,12584,12/12/2023,1400,DCH,1070
MECH,411,001,15335,12/12/2023,0900,,
MECH,482,001,15337,12/11/2023,1400,,
MECH,400,001,15475,12/8/2023,1400,MEB,128
ELEC,241,001,10017,12/8/2023,0900,,
ELEC,261,001,10018,12/8/2023,1400,ABL,131
ELEC,326,001,10019,12/10/2023,1900,HRZ,212
ELEC,450,001,10233,12/11/2023,1400,DCH,1055
ELEC,303,001,10235,12/12/2023,0900,DCH,1070
ELEC,494,001,10251,12/6/2023,0900,,
ELEC,240,001,11136,12/8/2023,1400,,
ELEC,460,001,11676,12/8/2023,1400,,
ELEC,425,001,11705,12/10/2023,1900,,
ELEC,462,001,11898,12/10/2023,1900,,
ELEC,434,001,11953,12/8/2023,1400,DCH,1075
ELEC,424,001,12889,12/9/2023,1900,,
ELEC,220,001,13717,12/12/2023,0900,,
ELEC,488,001,15755,12/8/2023,0900,,
ELEC,414,001,15769,12/9/2023,1900,,
ELEC,240,002,15786,12/11/2023,1900,,
MUSI,336,001,11295,12/6/2023,1400,,
MUSI,378,001,15131,12/6/2023,1400,,
MUSI,417,001,15132,12/10/2023,1900,,
FOTO,477,001,15430,12/7/2023,1900,,
FOTO,210,001,15381,12/10/2023,1900,,
FOTO,210,004,15382,12/6/2023,1400,,
FOTO,210,005,15383,12/8/2023,1400,,
FOTO,205,002,16436,12/8/2023,1400,,
MSNE,402,001,10522,12/8/2023,0900,DCH,1064
MSNE,406,001,10523,12/6/2023,1400,MEB,128
MSNE,401,001,11495,12/12/2023,0900,,
MSNE,450,002,13549,12/11/2023,1900,,
MSNE,451,002,13550,12/11/2023,1900,,
MSNE,407,002,15775,12/11/2023,1400,,
MSNE,304,003,14649,12/8/2023,1400,,
MSNE,222,001,15675,12/12/2023,0900,,
MSNE,477,001,16363,12/6/2023,1400,,
MUCH,423,001,12629,12/11/2023,1900,,
KINE,499,010,14785,12/12/2023,1900,,
KINE,275,001,15204,12/12/2023,1900,,
KINE,375,003,15210,12/12/2023,1900,,
KINE,499,011,16429,12/12/2023,1900,,
LING,481,005,14034,12/12/2023,1900,,
LING,482,005,14035,12/12/2023,1900,,
MATH,490,001,10064,12/12/2023,1900,,
MATH,490,002,10065,12/12/2023,1900,,
MATH,280,001,12256,12/12/2023,1900,,
MECH,490,002,11316,12/12/2023,1900,,
MECH,490,003,11707,12/12/2023,1900,,
MECH,490,004,11724,12/12/2023,1900,,
MECH,490,005,11795,12/12/2023,1900,,
MECH,490,006,11847,12/12/2023,1900,,
MECH,490,008,11981,12/12/2023,1900,,
MECH,490,012,16451,12/12/2023,1900,,
MECH,477,002,16441,12/12/2023,1900,,
MUSI,141,001,10122,12/12/2023,1900,,
MUSI,281,001,10125,12/12/2023,1900,,
MUSI,291,001,10126,12/12/2023,1900,,
MUSI,337,001,10132,12/12/2023,1900,,
MUSI,381,001,10136,12/12/2023,1900,,
MUSI,461,001,10145,12/12/2023,1900,,
MUSI,451,001,10141,12/12/2023,1900,,
MUSI,453,001,10142,12/12/2023,1900,,
MUSI,463,001,10146,12/12/2023,1900,,
MUSI,455,001,10143,12/12/2023,1900,,
MUSI,457,001,10144,12/12/2023,1900,,
MECH,343,002,14198,12/7/2023,1400,HRZ,212
MECH,343,003,14199,12/7/2023,1400,HRZ,212
MECH,343,004,14200,12/7/2023,1400,HRZ,212
MECH,477,001,16354,12/8/2023,1400,DCH,1046
MILI,106,001,10560,12/6/2023,0900,,
MILI,109,001,10561,12/6/2023,0900,,
MILI,123,001,10562,12/8/2023,1400,,
MILI,203,001,10565,12/8/2023,1400,,
MILI,403,001,10569,12/8/2023,1400,,
MILI,121,001,10601,12/6/2023,0900,,
MILI,121,002,10602,12/7/2023,1900,,
MILI,401,001,11729,12/6/2023,0900,,
MILI,201,001,12590,12/7/2023,1400,,
MILI,401,002,16389,12/8/2023,1900,,
MUSI,331,002,10309,12/8/2023,0900,,
MUSI,117,001,10121,12/7/2023,1400,,
MUSI,211,001,10123,12/8/2023,0900,,
MUSI,231,002,10124,12/7/2023,1400,,
MUSI,303,001,10127,12/11/2023,1900,,
MUSI,311,001,10128,12/10/2023,1900,,
MUSI,317,001,10129,12/7/2023,1900,,
MUSI,321,001,10130,12/7/2023,1900,,
MUSI,331,001,10131,12/8/2023,0900,,
MUSI,340,001,10133,12/6/2023,1400,,
MUSI,342,002,10135,12/8/2023,1400,,
SOCI,101,002,14730,12/8/2023,1400,,
SOCI,325,001,14731,12/9/2023,1900,,
SOCI,358,001,14732,12/8/2023,1400,,
SOCI,411,001,15809,12/8/2023,1900,,
SOSC,444,001,10687,12/6/2023,1400,KRF,125
SOSC,302,001,11675,12/7/2023,1900,HRZ,212
SOSC,445,001,11747,12/6/2023,0900,,
SOSC,302,002,11896,12/8/2023,0900,HRZ,212
SPAN,263,001,10555,12/7/2023,1400,,
SPAN,263,002,10556,12/7/2023,1900,,
SPAN,321,002,10558,12/9/2023,1400,,
SPAN,321,001,10559,12/7/2023,1900,,
SPAN,141,001,10677,12/8/2023,0900,,
SPAN,141,002,10678,12/8/2023,1900,,
SPAN,142,001,10679,12/7/2023,1400,,
SPAN,142,002,10680,12/7/2023,1900,,
SPAN,321,003,11293,12/7/2023,1900,,
SPAN,264,004,12164,12/7/2023,1900,,
SPAN,321,005,12165,12/8/2023,0900,,
SPAN,264,002,11874,12/7/2023,1400,,
MUCH,238,001,16049,12/7/2023,1900,,
CMOR,422,001,15163,12/7/2023,1400,SEW,309
CMOR,360,001,15164,12/10/2023,0900,BRK,101
CMOR,220,001,15477,12/8/2023,1900,,
CMOR,415,001,15756,12/8/2023,0900,,
CMOR,220,002,15478,12/8/2023,1900,,
CMOR,220,003,15479,12/8/2023,1900,,
CMOR,220,004,15480,12/8/2023,1900,,
CMOR,220,005,15481,12/8/2023,1900,,
CMOR,220,006,15482,12/8/2023,1900,,
MUSI,467,001,10148,12/12/2023,1900,,
MUSI,471,001,10149,12/12/2023,1900,,
MUSI,472,001,10150,12/12/2023,1900,,
MUSI,473,001,10151,12/12/2023,1900,,
MUSI,481,001,10152,12/12/2023,1900,,
MUSI,487,001,10153,12/12/2023,1900,,
MUSI,493,001,10154,12/12/2023,1900,,
MUSI,495,001,10155,12/12/2023,1900,,
MUSI,497,001,10156,12/12/2023,1900,,
MUSI,415,001,10225,12/12/2023,1900,,
MUSI,339,004,10378,12/12/2023,1900,,
MUSI,339,007,10381,12/12/2023,1900,,
MUSI,483,001,10399,12/12/2023,1900,,
MUSI,377,001,10406,12/12/2023,1900,,
MUSI,285,001,10424,12/12/2023,1900,,
MUSI,401,002,10440,12/12/2023,1900,,
MUSI,401,003,10441,12/12/2023,1900,,
MUSI,401,004,10442,12/12/2023,1900,,
MUSI,401,005,10443,12/12/2023,1900,,
MUSI,401,006,10444,12/12/2023,1900,,
MUSI,401,007,10445,12/12/2023,1900,,
MUSI,473,002,10447,12/12/2023,1900,,
MUSI,481,002,10448,12/12/2023,1900,,
MUSI,481,003,10449,12/12/2023,1900,,
MUSI,491,002,10451,12/12/2023,1900,,
MUSI,491,003,10452,12/12/2023,1900,,
MUSI,491,004,10453,12/12/2023,1900,,
MUSI,493,002,10454,12/12/2023,1900,,
MUSI,495,002,10455,12/12/2023,1900,,
MUSI,497,002,10456,12/12/2023,1900,,
MUSI,338,003,10490,12/12/2023,1900,,
MUSI,338,004,10491,12/12/2023,1900,,
MUSI,338,006,10493,12/12/2023,1900,,
MUSI,338,007,10494,12/12/2023,1900,,
MUSI,338,008,10495,12/12/2023,1900,,
MUSI,338,009,10496,12/12/2023,1900,,
MUSI,338,010,10497,12/12/2023,1900,,
MUSI,338,011,10498,12/12/2023,1900,,
MUSI,338,012,10499,12/12/2023,1900,,
MUSI,338,013,10500,12/12/2023,1900,,
MUSI,338,015,10501,12/12/2023,1900,,
MUSI,338,016,10502,12/12/2023,1900,,
MUSI,338,017,10503,12/12/2023,1900,,
MUSI,338,019,10505,12/12/2023,1900,,
MUSI,338,020,10506,12/12/2023,1900,,
MUSI,338,022,10508,12/12/2023,1900,,
MUSI,338,023,10509,12/12/2023,1900,,
MUSI,341,017,10831,12/12/2023,1900,,
MUSI,441,033,10840,12/12/2023,1900,,
MUSI,441,016,10842,12/12/2023,1900,,
MUSI,341,005,11019,12/12/2023,1900,,
MUSI,341,009,11023,12/12/2023,1900,,
MUSI,341,012,11025,12/12/2023,1900,,
MUSI,341,018,11028,12/12/2023,1900,,
MUSI,403,001,10138,12/8/2023,1900,,
MUSI,421,001,10139,12/7/2023,1900,,
MUSI,117,002,10226,12/11/2023,1900,,
MUSI,231,001,10283,12/7/2023,1400,,
MUSI,339,001,10375,12/11/2023,1400,,
MUSI,339,002,10376,12/6/2023,1400,,
MUSI,339,003,10377,12/6/2023,1400,,
MUSI,339,005,10379,12/11/2023,1400,,
MUSI,339,006,10380,12/6/2023,0900,,
CHEM,314,004,16131,12/7/2023,1900,,
CHEM,314,005,16132,12/8/2023,1900,,
CHEM,314,006,16133,12/9/2023,1400,,
CHEM,314,007,16134,12/8/2023,0900,,
CHEM,213,010,16404,12/7/2023,1900,,
CHIN,263,001,10553,12/7/2023,1900,,
CHIN,206,001,15386,12/8/2023,1900,,
CHIN,141,003,10670,12/8/2023,0900,,
CHIN,141,002,10671,12/7/2023,1900,,
CHIN,301,001,11152,12/8/2023,0900,,
CHIN,311,002,12161,12/9/2023,1400,,
CHIN,401,001,12162,12/9/2023,1400,,
CLAS,107,001,15341,12/11/2023,1400,,
CLAS,336,001,15342,12/12/2023,0900,,
COMP,412,001,10052,12/8/2023,0900,,
SPAN,303,001,11942,12/9/2023,1400,,
SPAN,322,002,12560,12/7/2023,1900,,
SPAN,264,005,12873,12/8/2023,0900,,
SPAN,263,004,13782,12/8/2023,0900,,
SPAN,322,005,15392,12/8/2023,0900,,
SPAN,322,003,13955,12/8/2023,0900,,
SPAN,406,001,15596,12/11/2023,1400,,
SPAN,368,001,15601,12/6/2023,1400,,
SPAN,322,004,14687,12/7/2023,1400,,
SPAN,158,001,14880,12/11/2023,1400,,
SPAN,356,001,14928,12/11/2023,1900,,
SPAN,330,001,14932,12/8/2023,1400,,
SPAN,436,001,15647,12/6/2023,1400,,
SPAN,350,001,15350,12/11/2023,1400,,
SPAN,453,001,15568,12/9/2023,1900,,
SPAN,477,001,16299,12/10/2023,1900,,
STAT,280,S01,10114,12/8/2023,1900,HRZ,212
STAT,305,001,10115,12/12/2023,0900,MXF,251
STAT,310,001,10116,12/11/2023,1400,KCK,100
STAT,405,001,10236,12/6/2023,1400,,
STAT,280,S02,10259,12/8/2023,1900,HRZ,212
STAT,482,001,10297,12/11/2023,1900,,
STAT,305,002,10432,12/12/2023,0900,MXF,251
STAT,499,001,10541,12/6/2023,1900,,
STAT,418,001,10628,12/7/2023,0900,ABL,131
STAT,405,002,11134,12/11/2023,1900,,
STAT,449,001,11357,12/6/2023,1900,,
STAT,425,001,11363,12/11/2023,1900,HRZ,212
STAT,413,001,11919,12/10/2023,1900,RYN,201
STAT,315,001,11977,12/11/2023,1900,ABL,131
STAT,450,001,12231,12/8/2023,1400,MXF,252
CMOR,220,007,15483,12/8/2023,1900,,
CMOR,220,008,15484,12/8/2023,1900,,
CMOR,220,009,15485,12/8/2023,1900,,
CMOR,451,002,15835,12/6/2023,1400,DCH,1042
CMOR,462,003,15832,12/9/2023,1400,DCH,1046
CMOR,492,001,15175,12/6/2023,0900,,
CMOR,302,001,15176,12/12/2023,1900,HRZ,AMP
CMOR,410,001,15178,12/11/2023,1400,KCK,107
CMOR,420,001,15179,12/8/2023,0900,HRZ,210
STAT,487,001,13709,12/8/2023,0900,,
STAT,410,001,14872,12/11/2023,1400,,
STAT,310,002,15375,12/11/2023,1900,HRZ,210
THEA,331,001,10214,12/8/2023,1400,,
THEA,102,001,10701,12/10/2023,1900,,
THEA,301,001,12206,12/11/2023,1400,,
THEA,331,002,12696,12/8/2023,1400,,
THEA,314,001,13392,12/8/2023,1400,,
THEA,308,001,14119,12/8/2023,1400,,
THEA,303,001,14260,12/9/2023,1400,,
THEA,304,001,15524,12/10/2023,1900,,
THEA,300,001,15384,12/11/2023,1900,,
THEA,309,001,15385,12/8/2023,1900,,
UNIV,110,001,10401,12/8/2023,1400,,
UNIV,250,001,11861,12/11/2023,1900,,
UNIV,330,002,13682,12/6/2023,0900,,
UNIV,330,003,13683,12/6/2023,0900,,
UNIV,330,004,13684,12/6/2023,0900,,
UNIV,330,006,13686,12/6/2023,0900,,
UNIV,330,007,13687,12/6/2023,0900,,
UNIV,330,010,14940,12/6/2023,0900,,
MUSI,341,025,11032,12/12/2023,1900,,
MUSI,341,031,11037,12/12/2023,1900,,
MUSI,441,009,11044,12/12/2023,1900,,
MUSI,441,011,11046,12/12/2023,1900,,
MUSI,441,012,11047,12/12/2023,1900,,
MUSI,441,022,11051,12/12/2023,1900,,
MUSI,441,026,11054,12/12/2023,1900,,
MUSI,495,003,11178,12/12/2023,1900,,
MUSI,281,002,11275,12/12/2023,1900,,
MUSI,381,003,11276,12/12/2023,1900,,
MUSI,381,004,11277,12/12/2023,1900,,
MUSI,381,005,11278,12/12/2023,1900,,
MUSI,441,031,11280,12/12/2023,1900,,
MUSI,449,022,12132,12/12/2023,1900,,
COMP,450,001,10053,12/11/2023,1400,DCH,1055
COMP,326,001,10205,12/10/2023,1900,HRZ,212
COMP,311,001,10668,12/12/2023,0900,DCH,1064
COMP,409,001,10924,12/12/2023,0900,,
COMP,382,002,11155,12/10/2023,1900,FULLY,ONLINE
COMP,382,003,11156,12/10/2023,1900,FULLY,ONLINE
COMP,430,001,11340,12/6/2023,1400,,
COMP,425,001,11708,12/10/2023,1900,,
COMP,301,001,11922,12/6/2023,1400,PCF,4
COMP,215,004,11950,12/9/2023,1400,,
COMP,417,001,11951,12/10/2023,1900,DCH,1046
COMP,424,001,12890,12/9/2023,1900,,
COMP,215,002,13527,12/7/2023,1900,,
COMP,215,001,13528,12/7/2023,1400,,
COMP,140,001,13529,12/6/2023,1900,FULLY,ONLINE
COMP,140,003,13530,12/6/2023,1900,FULLY,ONLINE
COMP,140,002,13531,12/6/2023,1900,FULLY,ONLINE
COMP,140,004,13532,12/6/2023,1900,FULLY,ONLINE
COMP,140,901,13552,12/6/2023,1900,FULLY,ONLINE
COMP,310,001,14624,12/8/2023,1900,DCH,1064
COMP,310,002,14625,12/8/2023,1900,DCH,1064
COMP,442,001,14634,12/6/2023,1400,HRZ,212
COMP,481,001,14253,12/12/2023,0900,,
COMP,480,001,14254,12/11/2023,1900,HRZ,AMP
COMP,215,003,14283,12/8/2023,1900,,
COMP,182,003,15520,12/10/2023,1900,HRZ,210
COMP,341,001,14423,12/6/2023,1400,,
COMP,413,002,16282,12/11/2023,1400,DCH,1064
COMP,449,002,14870,12/9/2023,1900,,
COMP,431,001,15825,12/12/2023,0900,DCH,1055
COMP,429,001,15551,12/12/2023,0900,HRZ,212
COMP,318,001,15653,12/7/2023,1900,,
COMP,462,001,15654,12/9/2023,1900,DCH,1042
COMP,416,002,15798,12/11/2023,1900,SEW,309
CSCI,340,001,12802,12/10/2023,1900,,
CSCI,477,001,16407,12/11/2023,1900,,
ECON,307,001,10301,12/11/2023,1400,KCK,100
CHEM,211,S01,10253,12/7/2023,0900,KCK,100
CHEM,121,S01,13217,12/7/2023,0900,DCH,1055
CHEM,121,S02,13218,12/7/2023,0900,DCH,1064
CHEM,121,S03,13219,12/7/2023,0900,HRZ,AMP
CHEM,313,S01,16128,12/7/2023,0900,HRZ,210
MATH,102,S03,10056,12/9/2023,0900,BRK,101
CEVE,302,001,10315,12/11/2023,1400,DCH,1070
UNIV,201,002,16339,12/6/2023,0900,,
UNIV,330,011,16362,12/8/2023,1400,,
UNIV,110,004,16384,12/6/2023,1900,,
CEVE,101,001,10089,12/10/2023,1900,,
CEVE,310,001,10311,12/7/2023,1900,,
CMOR,494,001,15180,12/6/2023,0900,DCH,1075
CMOR,441,003,16063,12/9/2023,1900,ANH,117
CMOR,304,002,16019,12/8/2023,0900,SEW,309
CMOR,495,002,16323,12/6/2023,1400,,
FWIS,100,001,10739,12/7/2023,1900,,
FWIS,100,002,10740,12/7/2023,1900,,
FWIS,100,003,10741,12/8/2023,0900,,
FWIS,100,006,10742,12/8/2023,1400,,
MUSI,381,002,11779,12/12/2023,1900,,
MUSI,473,004,12185,12/12/2023,1900,,
MUSI,281,003,13284,12/12/2023,1900,,
MUSI,151,001,13305,12/12/2023,1900,,
MUSI,165,001,13311,12/12/2023,1900,,
MUSI,181,001,13313,12/12/2023,1900,,
MUSI,195,001,13318,12/12/2023,1900,,
MUSI,361,001,13516,12/12/2023,1900,,
MUSI,181,002,15016,12/12/2023,1900,,
MUSI,181,003,15052,12/12/2023,1900,,
MUSI,191,001,15075,12/12/2023,1900,,
BIOE,383,002,14623,12/12/2023,0900,BRC,284
MATH,354,002,14605,12/7/2023,1900,HRZ,211
MATH,101,S02,14154,12/9/2023,0900,HRG,125
CHEM,121,S02,13218,12/7/2023,0900,DCH,1070
BIOS,372,001,12549,12/7/2023,1900,ABL,131
BIOS,341,S01,12395,12/12/2023,0900,HRZ,AMP
MATH,101,S05,12179,12/9/2023,0900,HRG,125
SMGT,362,901,10931,12/12/2023,1900,,
SMGT,373,001,15424,12/12/2023,1900,,
MATH,212,S02,11354,12/9/2023,0900,HRZ,210
PHYS,101,S02,10667,12/11/2023,0900,HRZ,210
PHYS,101,S01,10666,12/11/2023,0900,HRZ,210
STAT,305,002,10432,12/12/2023,0900,MXF,252
CHEM,211,S01,10253,12/7/2023,0900,HRG,100
CHEM,211,S01,10253,12/7/2023,0900,TBA,TBA
ELEC,303,001,10235,12/12/2023,0900,DCH,1075
ECON,437,001,10210,12/7/2023,1900,KRF,102
STAT,305,001,10115,12/12/2023,0900,MXF,252
PHYS,125,S01,10075,12/11/2023,0900,KCK,102
MATH,212,S01,10057,12/9/2023,0900,HRZ,210
MATH,102,S03,10056,12/9/2023,0900,DBH,180
BUSI,499,001,12134,12/12/2023,1900,,
GLHT,400,001,10247,12/12/2023,1900,,
CHBE,495,001,10581,12/12/2023,1900,,
CHBE,495,004,10584,12/12/2023,1900,,
CHBE,495,011,10590,12/12/2023,1900,,
SWGS,493,001,16053,12/12/2023,1900,,
SMGT,376,001,10238,12/12/2023,1900,,
SMGT,377,001,10239,12/12/2023,1900,,
SMGT,379,001,10240,12/12/2023,1900,,
CEVE,320,001,11663,12/9/2023,1400,,
CEVE,314,001,11669,12/6/2023,1900,,
CEVE,471,001,11903,12/9/2023,1900,HBH,227
CEVE,472,001,11954,12/9/2023,1900,,
CEVE,432,001,11972,12/11/2023,1900,,
CEVE,431,001,11975,12/11/2023,0900,RYN,201
CEVE,211,001,11989,12/8/2023,0900,RYN,201
CEVE,411,001,12736,12/12/2023,0900,,
CEVE,481,001,15035,12/9/2023,1400,,
CEVE,325,002,15271,12/7/2023,1400,MXF,252
CEVE,400,001,15272,12/8/2023,1400,MEB,128
CEVE,460,001,15275,12/7/2023,0900,RYN,201
CEVE,476,001,15276,12/11/2023,1400,RYN,201
FILM,327,001,10357,12/11/2023,1900,,
FILM,280,001,10512,12/8/2023,1900,,
FILM,432,001,13713,12/6/2023,0900,,
FILM,308,001,14221,12/8/2023,1400,,
KINE,120,001,16030,12/9/2023,1900,,
FILM,434,001,14349,12/8/2023,1400,,
FILM,324,001,15621,12/8/2023,1400,,
FILM,287,001,15380,12/9/2023,1900,,
KORE,141,001,15389,12/8/2023,0900,,
FILM,373,001,15493,12/11/2023,1900,,
HUMA,210,001,10373,12/6/2023,0900,,
HUMA,315,001,12809,12/11/2023,1900,FULLY,ONLINE
HUMA,134,001,15690,12/12/2023,0900,,
HUMA,107,001,15498,12/11/2023,1400,,
HUMA,372,001,15507,12/9/2023,1900,,
ITAL,141,001,12799,12/9/2023,1400,FULLY,ONLINE
ITAL,141,002,15011,12/8/2023,1900,FULLY,ONLINE
ITAL,301,002,16064,12/8/2023,1400,FULLY,ONLINE
JAPA,141,001,10674,12/7/2023,1400,,
JAPA,141,002,10700,12/7/2023,1900,,
JAPA,141,003,10714,12/7/2023,1900,,
JAPA,301,002,12026,12/9/2023,1400,,
JAPA,263,002,15388,12/7/2023,1900,,
JAPA,263,001,14632,12/7/2023,1400,,
JAPA,401,002,14633,12/8/2023,0900,,
JAPA,141,004,13948,12/8/2023,0900,,
JAPA,301,001,13949,12/8/2023,0900,,
KINE,300,001,10111,12/6/2023,0900,,
KINE,302,001,10257,12/6/2023,0900,,
KINE,319,001,10356,12/6/2023,1900,,
KINE,301,002,10598,12/12/2023,0900,,
KINE,440,001,11496,12/6/2023,0900,,
KINE,321,003,11757,12/11/2023,1400,,
KINE,311,003,14357,12/8/2023,1400,,
KINE,441,001,15614,12/10/2023,1900,,
KINE,310,001,15208,12/6/2023,0900,,
KINE,320,001,15490,12/8/2023,1400,,
KINE,498,001,15491,12/12/2023,0900,,
FWIS,100,008,10743,12/10/2023,1900,,
FWIS,100,004,11529,12/7/2023,1400,,
FWIS,100,007,11530,12/12/2023,0900,,
FWIS,100,009,11763,12/12/2023,0900,,
FWIS,115,001,12569,12/7/2023,1900,,
FWIS,100,005,12758,12/8/2023,1900,,
FWIS,100,011,12777,12/8/2023,0900,,
FWIS,100,010,12778,12/11/2023,1400,,
COLL,200,001,10343,12/12/2023,1900,,
COLL,200,002,10344,12/12/2023,1900,,
COLL,200,003,10345,12/12/2023,1900,,
COLL,200,004,10346,12/12/2023,1900,,
COLL,200,007,10349,12/12/2023,1900,,
COLL,200,008,10350,12/12/2023,1900,,
COLL,200,009,10351,12/12/2023,1900,,
COLL,200,011,10353,12/12/2023,1900,,
COLL,200,012,10407,12/12/2023,1900,,
AMCI,400,001,15814,12/12/2023,1900,,
EMSP,491,001,10575,12/12/2023,1900,,
EEPS,481,011,13264,12/12/2023,1900,,
EEPS,481,017,13267,12/12/2023,1900,,
EEPS,491,012,16423,12/12/2023,1900,,
FOTO,395,001,16073,12/12/2023,1900,,
MSNE,490,004,15783,12/12/2023,1900,,
MSNE,490,005,16035,12/12/2023,1900,,
CMOR,490,001,15167,12/12/2023,1900,,
CMOR,490,006,15184,12/12/2023,1900,,
CMOR,490,009,15187,12/12/2023,1900,,
RCEL,241,001,11749,12/12/2023,1900,,
PSYC,202,001,11606,12/7/2023,1900,,
PSYC,351,001,11607,12/11/2023,1400,HRZ,212
PSYC,485,022,11608,12/6/2023,0900,,
PSYC,485,003,11609,12/6/2023,0900,,
PSYC,480,001,12210,12/9/2023,1400,,
PSYC,485,012,12211,12/6/2023,0900,,
PSYC,203,003,12695,12/10/2023,1900,HRG,100
PSYC,485,010,12743,12/6/2023,0900,,
PSYC,101,003,13804,12/11/2023,1400,HRZ,AMP
PSYC,485,019,14128,12/6/2023,0900,,
MATH,212,S01,10057,12/9/2023,0900,HRZ,AMP
MATH,101,S03,10595,12/9/2023,0900,KCK,100
MATH,101,S01,11323,12/9/2023,0900,SEW,309
MATH,102,S01,11324,12/9/2023,0900,KWG,100
MATH,212,S02,11354,12/9/2023,0900,HRZ,AMP
MATH,101,S05,12179,12/9/2023,0900,HRG,100
MATH,211,S02,11630,12/9/2023,0900,DCH,1055
MATH,211,S07,11631,12/9/2023,0900,KRF,110
MATH,102,S04,11868,12/9/2023,0900,HRZ,212
MATH,212,S05,12180,12/9/2023,0900,HUM,117
MATH,212,S07,13652,12/9/2023,0900,RYN,201
MATH,211,S01,13653,12/9/2023,0900,DCH,1055
MATH,101,S02,14154,12/9/2023,0900,HRG,100
MATH,101,S04,14155,12/9/2023,0900,HBH,227
MATH,212,S08,14156,12/9/2023,0900,PCF,3
MATH,111,S02,16024,12/9/2023,0900,ABL,131
PHYS,111,S01,10074,12/11/2023,0900,BRK,101
PHYS,125,S01,10075,12/11/2023,0900,KCK,100
PHYS,101,S01,10666,12/11/2023,0900,HRZ,AMP
PHYS,101,S02,10667,12/11/2023,0900,HRZ,AMP
ANTH,324,001,10414,12/11/2023,1900,,
ANTH,205,001,10715,12/12/2023,0900,SEW,307
ANTH,493,001,11688,12/8/2023,1400,,
ANTH,203,001,12254,12/11/2023,1400,,
KORE,263,002,15390,12/8/2023,0900,,
KORE,141,002,12872,12/8/2023,1900,,
KORE,401,001,15391,12/7/2023,1900,,
KORE,141,003,13951,12/9/2023,1400,,
KORE,263,001,13952,12/7/2023,1400,,
LATI,201,001,10578,12/9/2023,1400,,
LATI,101,001,11588,12/8/2023,1900,,
LATI,310,001,15660,12/8/2023,1900,,
LING,300,001,11624,12/8/2023,0900,,
LING,401,001,11625,12/10/2023,1900,FULLY,ONLINE
LING,303,001,12780,12/8/2023,1900,,
LING,200,003,12947,12/12/2023,0900,FULLY,ONLINE
LING,397,001,14030,12/7/2023,0900,FULLY,ONLINE
FWIS,101,001,15221,12/8/2023,1400,,
FWIS,100,012,12906,12/11/2023,1900,,
FWIS,100,013,12907,12/6/2023,1400,,
FWIS,142,001,12913,12/12/2023,0900,,
FWIS,151,001,13538,12/9/2023,1400,,
FWIS,151,002,13539,12/8/2023,1400,,
FWIS,122,001,15699,12/11/2023,1400,,
FWIS,181,001,14003,12/11/2023,1400,,
FWIS,196,001,14685,12/7/2023,1400,,
FWIS,141,001,14703,12/11/2023,1900,,
FWIS,141,002,14704,12/6/2023,1400,,
FWIS,103,001,14788,12/10/2023,1900,,
FWIS,100,014,14955,12/10/2023,1900,,
FWIS,119,001,15697,12/7/2023,1400,,
FWIS,128,001,15698,12/6/2023,1400,,
PSYC,353,001,15598,12/11/2023,1400,SEW,309
PSYC,461,001,15599,12/10/2023,1900,,
PSYC,430,001,15612,12/8/2023,1900,,
PSYC,485,023,14917,12/6/2023,0900,,
PSYC,308,001,15563,12/10/2023,1900,,
PSYC,231,003,15211,12/10/2023,1900,,
PSYC,330,002,15212,12/6/2023,0900,,
PSYC,375,001,15214,12/9/2023,1900,,
PSYC,409,001,15215,12/9/2023,1400,,
PSYC,332,001,15564,12/10/2023,1900,,
PSYC,467,001,15580,12/11/2023,1900,SEW,305
PSYC,102,002,16321,12/6/2023,1400,,
PSYC,308,002,16343,12/10/2023,1900,HUM,117
PSYC,101,004,16344,12/8/2023,1900,HRG,100
ANTH,200,003,12948,12/12/2023,0900,FULLY,ONLINE
ANTH,317,001,13894,12/11/2023,1900,,
ANTH,344,002,13898,12/6/2023,0900,,
ANTH,346,001,15682,12/9/2023,1900,,
ANTH,477,001,15526,12/10/2023,1900,,
ANTH,348,001,15236,12/9/2023,1900,,
ANTH,381,001,15238,12/8/2023,1400,,
ANTH,402,001,15561,12/6/2023,1400,,
ANTH,303,001,15229,12/10/2023,1900,,
ANTH,315,001,15230,12/11/2023,1900,,
ANTH,321,001,15232,12/6/2023,0900,,
ANTH,340,001,15234,12/8/2023,1400,,
ANTH,392,001,15240,12/9/2023,1400,,
ANTH,357,001,16380,12/8/2023,1900,,
ARAB,141,001,11494,12/7/2023,1400,,
ARAB,263,001,11589,12/7/2023,1900,,
ARAB,141,002,16338,12/8/2023,0900,,
ARCH,201,001,10041,12/8/2023,1900,,
ARCH,301,001,10042,12/8/2023,1900,,
ARCH,401,001,10044,12/8/2023,1900,,
ARCH,101,001,10368,12/8/2023,1900,,
ARCH,105,001,10632,12/10/2023,1900,,
ARCH,201,002,11513,12/8/2023,1900,,
ARCH,301,002,11514,12/8/2023,1900,,
FWIS,107,001,15222,12/6/2023,1400,,
FWIS,109,001,15223,12/10/2023,1900,,
FWIS,109,002,15224,12/11/2023,1400,,
FWIS,165,001,15225,12/12/2023,0900,,
FWIS,182,001,15226,12/7/2023,1900,,
FWIS,193,001,15227,12/8/2023,0900,,
FWIS,193,002,15228,12/8/2023,1900,,
FWIS,188,001,15565,12/10/2023,1900,DCH,1075
FWIS,188,002,15566,12/10/2023,1900,DCH,1064
FWIS,188,003,15567,12/11/2023,1400,DCH,1075
FWIS,195,001,16140,12/11/2023,1900,SST,106
FWIS,198,002,16075,12/7/2023,1400,,
FWIS,198,001,16076,12/7/2023,1900,,
FWIS,187,001,16077,12/6/2023,1400,,
FWIS,173,002,16078,12/8/2023,0900,,
FWIS,173,001,16079,12/7/2023,1900,,
FWIS,159,001,16080,12/9/2023,1900,,
FWIS,184,001,16098,12/7/2023,1400,,
FWIS,110,001,16275,12/8/2023,0900,,
FWIS,135,001,16276,12/7/2023,1900,,
FWIS,171,001,16013,12/8/2023,1900,,
FWIS,114,001,16014,12/11/2023,1400,,
FWIS,134,001,16251,12/8/2023,1900,,
FWIS,126,001,16252,12/8/2023,1400,,
FWIS,100,015,16341,12/6/2023,0900,,
SOCI,451,001,15398,12/8/2023,1400,,
SOCI,102,001,12568,12/7/2023,1400,,
PSYC,340,003,16347,12/8/2023,0900,SEW,307
PSYC,321,002,16349,12/12/2023,0900,SEW,305
PSYC,362,002,16350,12/11/2023,1400,SEW,307
PSYC,203,004,16353,12/7/2023,1400,HRZ,210
RELI,337,001,15546,12/10/2023,1900,,
RELI,142,001,15629,12/8/2023,1400,,
RELI,271,001,15658,12/12/2023,0900,,
RELI,219,001,15771,12/6/2023,1400,,
RELI,120,001,14385,12/12/2023,0900,,
RELI,111,001,15555,12/6/2023,1400,,
RELI,328,001,15556,12/6/2023,0900,,
RELI,375,001,15557,12/8/2023,1900,,
RELI,421,001,15558,12/8/2023,1400,,
RELI,101,001,15146,12/8/2023,1400,,
RELI,125,001,15147,12/10/2023,1900,,
RELI,221,001,15148,12/8/2023,0900,,
RELI,307,001,15149,12/6/2023,0900,HUM,118
RELI,334,001,15154,12/11/2023,1400,,
RELI,333,001,15693,12/11/2023,1900,,
RELI,322,001,16173,12/9/2023,1900,HUM,119
SOCI,101,001,10613,12/11/2023,1900,,
SOCI,469,001,11358,12/11/2023,1400,,
SOCI,381,001,11370,12/12/2023,0900,,
ARCH,401,002,11515,12/8/2023,1900,,
ARCH,225,001,11361,12/12/2023,0900,,
ARCH,314,001,12063,12/6/2023,1400,,
ARCH,311,001,12808,12/11/2023,1400,,
ARCH,207,001,13625,12/11/2023,1400,,
ARCH,346,001,13660,12/10/2023,1900,,
ARCH,201,003,13922,12/8/2023,1900,,
ARCH,327,001,16300,12/7/2023,1900,,
ARCH,350,001,16303,12/7/2023,1400,,
ARCH,403,001,16304,12/7/2023,1400,,
ARCH,403,002,16305,12/6/2023,0900,,
ARCH,450,001,16306,12/6/2023,0900,,
ARCH,450,002,16307,12/6/2023,1900,,
ARCH,450,003,16308,12/7/2023,1400,,
ARTS,388,001,10228,12/10/2023,1900,,
ARTS,499,001,10249,12/11/2023,1900,,
ARTS,327,001,10358,12/11/2023,1900,,
ARTS,280,001,10513,12/8/2023,1900,,
ARTS,165,001,10611,12/6/2023,0900,,
ARTS,225,001,11659,12/11/2023,1400,,
ARTS,301,001,11660,12/8/2023,1900,,
ARTS,311,002,13500,12/11/2023,1400,,
ARTS,301,003,13506,12/7/2023,1400,,
ARTS,432,001,13742,12/6/2023,0900,,
ARTS,225,002,14114,12/7/2023,1400,,
ARTS,326,001,14117,12/6/2023,1900,,
ARTS,325,001,15620,12/6/2023,1900,,
MATH,370,001,15329,12/8/2023,1400,,
LING,305,001,15433,12/11/2023,1900,FULLY,ONLINE
LING,205,001,14764,12/7/2023,1400,,
LING,216,001,15191,12/9/2023,1400,,
LING,327,001,15762,12/8/2023,1400,,
LING,336,001,15499,12/12/2023,0900,,
MATH,321,001,10059,12/10/2023,1900,BRK,101
MATH,355,001,10060,12/7/2023,1900,BRK,101
MATH,381,001,10061,12/8/2023,1900,,
MATH,425,001,10062,12/11/2023,1400,,
MATH,444,001,10063,12/10/2023,1900,,
MATH,356,001,12181,12/7/2023,1900,,
MATH,463,002,12587,12/7/2023,1400,,
MATH,355,002,13207,12/8/2023,1900,HRZ,AMP
MATH,466,001,14598,12/7/2023,1900,,
MATH,354,002,14605,12/7/2023,1900,HRZ,210
MATH,452,001,15548,12/12/2023,0900,,
MATH,300,001,15326,12/9/2023,0900,ABL,130
MATH,302,001,15327,12/9/2023,1400,HRZ,210
MATH,355,003,15328,12/9/2023,1400,HBH,227
ENGI,220,002,13643,12/11/2023,1400,,
ENGI,101,001,14250,12/8/2023,1400,,
ENGI,221,001,14297,12/12/2023,0900,,
ENGI,210,004,15044,12/11/2023,1900,,
ENGI,355,002,15813,12/9/2023,1400,,
ENGI,120,003,16470,12/10/2023,1900,,
ENGL,410,001,11925,12/8/2023,1900,,
ENGL,304,001,12898,12/6/2023,0900,,
ENGL,301,001,13290,12/9/2023,1900,,
ENGL,301,002,13291,12/9/2023,1900,,
ENGL,301,003,13292,12/10/2023,1900,,
ENGL,301,004,13293,12/10/2023,1900,,
ENGL,304,002,13336,12/6/2023,0900,,
PHYS,103,011,10662,12/9/2023,1400,,
PHYS,103,012,10663,12/8/2023,1400,,
PHYS,103,013,10664,12/7/2023,1900,,
PHYS,493,001,11327,12/8/2023,1400,,
PHYS,411,001,12775,12/11/2023,0900,HBH,427
POLI,212,001,10014,12/6/2023,1900,HRZ,212
PHYS,480,001,12776,12/12/2023,0900,,
PHYS,103,002,13661,12/6/2023,0900,,
PHYS,494,001,15355,12/8/2023,1400,,
PHYS,413,001,15575,12/6/2023,1400,HBH,427
PHYS,100,001,16322,12/6/2023,1400,,
POLI,210,001,10013,12/7/2023,1900,PCF,3
ENGL,200,001,13338,12/8/2023,1900,,
ENGL,305,001,13593,12/8/2023,1900,,
ENGL,272,001,14604,12/8/2023,0900,,
ENGL,308,002,15574,12/8/2023,1400,,
ENGL,305,002,13819,12/8/2023,1900,,
ENGL,383,001,13988,12/8/2023,0900,,
ENGL,305,003,15681,12/11/2023,1400,,
ENGL,403,001,15626,12/6/2023,0900,,
ENGL,210,001,14167,12/9/2023,1900,,
ENGL,390,001,14261,12/9/2023,1400,,
ENGL,301,006,15573,12/8/2023,1400,,
ENGL,382,001,15522,12/11/2023,1400,,
ENGL,113,001,14364,12/6/2023,0900,,
ENGL,222,001,14400,12/12/2023,0900,,
ENGL,403,002,15680,12/6/2023,0900,,
POLI,211,001,10024,12/8/2023,1900,HRZ,210
POLI,395,002,11884,12/11/2023,1400,BKH,116
POLI,102,001,12247,12/6/2023,0900,,
POLI,102,002,12248,12/9/2023,1400,,
POLI,473,001,12249,12/11/2023,1900,,
POLI,372,001,13023,12/7/2023,1900,,
PHIL,460,001,14383,12/8/2023,1400,,
PHIL,400,001,15795,12/8/2023,1400,,
PHIL,383,001,15796,12/12/2023,0900,,
PHIL,372,001,15797,12/11/2023,1400,,
PHIL,230,001,15141,12/11/2023,1900,,
PHIL,283,001,15142,12/9/2023,1400,,
POLI,341,001,15589,12/6/2023,1400,,
POLI,326,001,15590,12/8/2023,1400,,
POLI,457,001,15670,12/11/2023,1900,,
POLI,429,001,15672,12/8/2023,1900,,
POLI,210,002,14159,12/7/2023,1900,PCF,3
POLI,210,003,14160,12/7/2023,1900,PCF,3
POLI,211,002,14162,12/8/2023,1900,HRZ,210
POLI,211,003,14163,12/8/2023,1900,HRZ,210
POLI,211,004,14164,12/8/2023,1900,HRZ,210
POLI,212,002,14165,12/6/2023,1900,HRZ,212
POLI,212,003,14166,12/6/2023,1900,HRZ,212
POLI,260,003,14719,12/12/2023,0900,KRF,125
ENGL,200,002,15281,12/10/2023,1900,,
ENGL,269,001,15283,12/8/2023,0900,,
ENGL,274,001,15284,12/11/2023,1900,,
ENGL,300,001,15285,12/10/2023,1900,,
ENGL,301,005,15286,12/8/2023,1400,,
ENGL,308,001,15287,12/8/2023,1400,,
ENGL,332,001,15288,12/9/2023,1400,,
ENGL,341,001,15289,12/7/2023,1900,,
ENGL,360,001,15290,12/11/2023,1400,,
ENGL,362,001,15291,12/12/2023,0900,,
ENGL,373,001,15292,12/11/2023,1900,,
PHIL,310,001,15143,12/8/2023,1400,,
PHIL,470,001,15788,12/8/2023,1400,,
PHYS,201,001,10076,12/7/2023,1900,,
PHYS,103,003,10654,12/12/2023,0900,,
PHYS,301,001,10077,12/12/2023,0900,,
PHYS,311,001,10078,12/7/2023,1400,,
PHYS,103,001,10653,12/6/2023,0900,,
POLI,321,001,14762,12/10/2023,1900,FULLY,ONLINE
POLI,359,001,14807,12/11/2023,1400,,
POLI,354,001,15360,12/11/2023,1900,SEW,307
POLI,371,001,15361,12/12/2023,0900,,
POLI,338,002,16217,12/11/2023,1900,,
POLI,339,001,16174,12/6/2023,1400,HRZ,211
POLI,416,001,16221,12/8/2023,1400,,
PORT,106,001,10675,12/8/2023,0900,,
PSYC,101,001,10092,12/12/2023,0900,HRZ,210
PSYC,101,002,10093,12/10/2023,1900,HRZ,AMP
PSYC,340,001,10094,12/11/2023,1400,,
PSYC,485,008,10096,12/6/2023,0900,,
PSYC,485,013,10098,12/6/2023,0900,,
PSYC,485,017,10243,12/6/2023,0900,,
PSYC,370,001,10255,12/7/2023,1900,,
PSYC,485,001,10264,12/6/2023,0900,,
PSYC,485,009,10266,12/6/2023,0900,,
PSYC,203,001,10340,12/7/2023,1900,,
PSYC,485,005,10411,12/6/2023,0900,,
PSYC,203,002,10543,12/8/2023,1900,BRK,101
PSYC,485,004,10620,12/6/2023,0900,,
PSYC,202,002,11115,12/12/2023,0900,,
PSYC,321,001,11371,12/12/2023,0900,,
PSYC,340,002,11442,12/8/2023,0900,,
HEAL,103,002,10718,12/12/2023,0900,HRG,100
HEAL,380,002,12766,12/11/2023,1400,,
HEAL,407,002,12767,12/11/2023,1900,,
HEAL,132,001,13399,12/11/2023,1900,,
HEAL,103,003,16103,12/12/2023,0900,HRG,100
HEAL,119,001,16330,12/12/2023,0900,,
HEBR,125,001,15487,12/10/2023,1900,,
HIST,403,002,12631,12/8/2023,1400,,
HIST,101,001,12915,12/7/2023,1900,,
HIST,312,001,12927,12/7/2023,1900,,
HIST,391,001,15624,12/11/2023,1900,KRF,102
HIST,428,001,15441,12/9/2023,1900,,
HIST,340,001,15442,12/6/2023,1400,SEW,309
HIST,117,001,14004,12/7/2023,1400,,
HIST,275,001,15444,12/7/2023,1900,,
FREN,263,002,12576,12/8/2023,0900,,
FREN,307,001,15569,12/8/2023,0900,,
FREN,301,001,14262,12/8/2023,1900,,
FREN,478,001,15766,12/8/2023,1900,,
FREN,305,001,15343,12/10/2023,1900,,
FREN,402,001,15345,12/6/2023,0900,,
FREN,424,001,15346,12/11/2023,1900,RZR,204
GERM,301,001,10646,12/8/2023,1900,,
GERM,141,001,10673,12/7/2023,1400,,
GERM,141,002,10939,12/7/2023,1900,,
GERM,263,001,11443,12/7/2023,1400,,
GERM,142,001,15387,12/8/2023,1900,,
GERM,280,001,12972,12/11/2023,1900,,
GERM,335,001,14048,12/11/2023,1400,,
ENGL,410,002,15295,12/8/2023,1900,,
ENGL,410,003,15296,12/8/2023,1900,,
ENGL,398,001,16151,12/6/2023,1900,,
ENGL,267,001,16150,12/7/2023,1900,,
ENST,100,001,10631,12/10/2023,1900,,
ENST,250,001,11926,12/8/2023,1400,,
ENST,301,001,12570,12/12/2023,0900,,
ENST,100,002,15077,12/10/2023,1900,,
ENST,205,001,15300,12/7/2023,1900,,
ENST,315,001,15301,12/6/2023,1400,HUM,117
ENST,312,001,15511,12/11/2023,1900,,
ENST,265,001,15492,12/8/2023,0900,,
FREN,263,001,10554,12/7/2023,1900,,
FREN,141,002,10672,12/7/2023,1900,,
FREN,141,003,10699,12/8/2023,0900,,
FREN,302,001,12159,12/8/2023,1400,,
FREN,313,001,11674,12/6/2023,1900,,
FREN,141,001,11776,12/7/2023,1400,,
GERM,305,001,15637,12/8/2023,0900,,
GERM,263,002,14263,12/7/2023,1900,,
GERM,324,001,15445,12/6/2023,0900,,
GERM,326,001,15458,12/9/2023,1900,,
GREE,101,001,10198,12/9/2023,1400,,
GREE,310,001,15652,12/11/2023,1900,,
HART,280,001,10514,12/8/2023,1900,,
HART,225,001,11365,12/12/2023,0900,,
HART,366,001,15633,12/6/2023,0900,,
HART,321,001,15634,12/10/2023,1900,,
HART,241,001,15635,12/9/2023,1400,,
HART,204,001,15636,12/8/2023,1400,,
HART,202,001,15638,12/8/2023,1400,,
HART,328,001,15570,12/8/2023,1900,,
HART,358,001,15252,12/6/2023,0900,,
HART,389,001,15254,12/11/2023,1400,,
HART,203,001,15623,12/6/2023,1400,,
HART,380,001,15494,12/11/2023,1900,,
HEAL,460,001,10109,12/6/2023,1900,,
HART,381,001,16034,12/11/2023,1400,,
HEAL,222,001,10107,12/7/2023,1400,,
ELEC,468,001,15686,12/12/2023,0900,,
ELEC,491,010,14661,12/11/2023,1400,,
ELEC,220,002,14707,12/12/2023,0900,,
ELEC,406,001,14723,12/7/2023,1400,,
ELEC,380,002,14884,12/8/2023,1400,,
ELEC,361,001,15198,12/11/2023,1900,KCK,105
PHYS,103,010,10661,12/7/2023,1900,,
PHYS,103,004,10655,12/6/2023,1400,,
PHYS,103,005,10656,12/7/2023,1400,,
PHYS,103,006,10657,12/7/2023,1400,,
PHYS,103,007,10658,12/7/2023,1400,,
PHYS,103,008,10659,12/7/2023,1900,,
PHYS,103,009,10660,12/7/2023,1900,,
ELEC,461,001,15687,12/6/2023,1400,,
ELEC,478,003,16026,12/11/2023,1900,,
ELEC,430,002,16295,12/6/2023,1400,,
ENGI,302,001,10316,12/11/2023,1400,DCH,1070
ENGI,120,001,10355,12/10/2023,1900,,
ENGI,120,002,10417,12/11/2023,1400,,
ENGI,200,001,10545,12/9/2023,1900,,
ENGI,100,001,10716,12/11/2023,1900,,
ENGI,100,002,10717,12/8/2023,1400,,
ENGI,301,001,11681,12/11/2023,1900,,
ENGI,390,001,12623,12/11/2023,1900,,
ENGI,220,001,13642,12/10/2023,1900,,
HIST,256,001,14009,12/6/2023,1400,HUM,328
HIST,331,001,14012,12/10/2023,1900,,
HIST,438,001,15627,12/8/2023,1900,,
HIST,480,001,15628,12/8/2023,1400,,
HIST,380,001,14372,12/10/2023,1900,,
HIST,354,001,15618,12/9/2023,1400,,
HIST,120,001,15667,12/8/2023,0900,,
HIST,372,001,15509,12/12/2023,0900,FULLY,ONLINE
HIST,237,001,15304,12/8/2023,1900,,
HIST,259,001,15305,12/12/2023,0900,,
HIST,291,001,15306,12/11/2023,1400,,
HIST,314,001,15308,12/11/2023,1400,,
HIST,332,001,15312,12/11/2023,1900,,
HIST,338,001,15313,12/10/2023,1900,,
HIST,387,001,15315,12/11/2023,1400,,
HIST,217,001,15811,12/8/2023,1400,,
HONS,470,001,10319,12/6/2023,1400,,
HUMA,201,001,10118,12/10/2023,1900,,
HUMA,309,001,10119,12/11/2023,1400,,
HUMA,310,001,10120,12/6/2023,1400,,
BIOE,385,002,10211,12/8/2023,1400,,
BIOE,385,003,10212,12/6/2023,0900,,
BIOE,370,001,10213,12/8/2023,0900,,
BIOE,440,001,10651,12/12/2023,0900,SEW,309
BIOE,454,001,11414,12/12/2023,0900,,
BIOE,422,001,12153,12/8/2023,1400,BRC,284
BIOE,365,001,11677,12/6/2023,1900,,
BIOE,420,001,11961,12/8/2023,0900,BRC,282
BIOE,341,001,12551,12/10/2023,1900,KRF,110
BIOE,443,002,12706,12/8/2023,1400,,
BIOE,447,002,12708,12/8/2023,1900,,
BIOE,449,004,12711,12/11/2023,1400,,
BIOE,492,001,12857,12/11/2023,1900,,
BIOE,446,001,15403,12/8/2023,1900,BRC,284
BIOE,383,002,14623,12/12/2023,0900,BRC,282
BIOE,385,004,13924,12/8/2023,1900,,
BIOE,380,002,14886,12/8/2023,1400,,
BIOE,392,001,14898,12/11/2023,1400,,
BIOE,123,001,15685,12/12/2023,1400,,
BIOS,128,001,12312,12/8/2023,1900,,
BIOS,201,S01,12316,12/12/2023,1400,HRZ,AMP
BIOS,204,001,12317,12/6/2023,1400,,
BIOS,211,001,12318,12/8/2023,1900,,
BIOS,211,002,12319,12/11/2023,1400,,
BIOS,211,003,12320,12/8/2023,1400,,
BIOS,211,004,12321,12/6/2023,0900,,
BIOS,211,005,12322,12/8/2023,1900,,
BIOS,211,006,12323,12/7/2023,1900,,
BIOS,211,007,12324,12/8/2023,1900,,
BIOS,211,008,12325,12/11/2023,1400,,
BIOS,211,009,12326,12/8/2023,1400,,
BIOS,211,010,12327,12/6/2023,0900,,
BIOS,211,011,12328,12/8/2023,1900,,
BIOS,212,002,12330,12/11/2023,1400,,
BIOS,213,001,12331,12/11/2023,1400,,
BIOS,301,S01,12342,12/8/2023,0900,KCK,100
BIOS,311,001,12387,12/8/2023,1400,,
BIOS,311,002,12388,12/8/2023,1900,,
BIOS,312,001,12389,12/6/2023,1900,ABL,130
BIOS,318,001,12391,12/8/2023,1900,,
BIOS,318,002,12392,12/11/2023,1400,,
BIOS,327,001,12393,12/8/2023,1400,,
BIOS,341,S01,12395,12/12/2023,0900,KCK,100
BIOS,352,001,12397,12/7/2023,1400,KCK,100
BIOS,423,001,12444,12/11/2023,1400,,
BIOS,449,001,12447,12/12/2023,0900,,
BIOS,300,001,12546,12/12/2023,0900,BRK,101
BIOS,372,001,12549,12/7/2023,1900,ABL,130
BIOS,212,003,12554,12/8/2023,1400,,
BIOS,212,004,12555,12/6/2023,0900,,
BIOS,332,001,12749,12/10/2023,1900,,
BIOS,312,002,12763,12/8/2023,1400,GRB,W212
BIOS,118,002,13200,12/11/2023,1900,,
BIOS,425,001,13203,12/11/2023,1400,,
BIOS,311,003,13347,12/8/2023,1900,,
BIOS,385,002,13496,12/12/2023,0900,ABL,131
BIOS,329,001,13510,12/10/2023,1400,ABL,131
BIOS,202,002,13563,12/7/2023,1400,TBA,TBA
BIOS,122,002,13697,12/10/2023,1900,SEW,309
BIOS,280,002,13736,12/6/2023,1900,,
BIOS,411,001,15707,12/6/2023,0900,,
BIOS,353,001,15656,12/12/2023,0900,KCK,102
BIOS,441,001,15657,12/11/2023,1400,BRC,285
BIOS,330,001,15261,12/6/2023,0900,,
BIOS,470,001,15263,12/11/2023,1900,,
BIOS,481,001,15264,12/7/2023,1400,,
BIOS,315,001,15655,12/7/2023,1400,,
BIOS,314,001,15812,12/11/2023,1400,,
BIOS,344,S02,16107,12/10/2023,1900,ABL,131
CHEM,430,001,10200,12/6/2023,1900,ABL,131
CHEM,367,001,10669,12/11/2023,1400,,
CHEM,213,001,10704,12/7/2023,1400,,
CHEM,213,003,10705,12/6/2023,1900,,
CHEM,213,004,10706,12/6/2023,1900,,
CHEM,213,005,10707,12/8/2023,1900,,
CHEM,213,006,10708,12/8/2023,1900,,
CHEM,213,007,10709,12/9/2023,1400,,
CHEM,213,008,10710,12/8/2023,1400,,
CHEM,213,002,10711,12/7/2023,1900,,
CHEM,123,001,11011,12/9/2023,1400,,
CHEM,123,005,11012,12/8/2023,1400,,
CHEM,123,003,11013,12/11/2023,1400,,
CHEM,330,001,11151,12/7/2023,1900,,
CHEM,201,001,12157,12/7/2023,0900,DBH,210
CHEM,301,001,11654,12/10/2023,1900,,
CHEM,401,001,12574,12/7/2023,0900,BRC,282
CHEM,415,001,12655,12/10/2023,1900,,
CHEM,215,001,12691,12/8/2023,1900,,
CHEM,215,002,12692,12/11/2023,1400,,
CHEM,123,002,13220,12/6/2023,1900,,
CHEM,123,004,13221,12/6/2023,0900,,
CHEM,123,006,13222,12/8/2023,1400,,
CHEM,205,003,13224,12/6/2023,0900,,
CHEM,123,007,13322,12/6/2023,0900,,
CHEM,123,009,13733,12/9/2023,1400,,
CHEM,110,002,13828,12/11/2023,1900,,
CHEM,366,002,15772,12/6/2023,0900,,
CHEM,452,001,14380,12/8/2023,1400,BRC,282
CHEM,462,001,15661,12/7/2023,0900,BRC,285
CHEM,496,001,14735,12/10/2023,0900,DBH,180
CHEM,213,009,14759,12/9/2023,1400,,
CHEM,365,001,15196,12/8/2023,1400,,
CHEM,219,001,16127,12/7/2023,0900,BRC,284
CHEM,314,001,16129,12/8/2023,0900,,
CHEM,314,002,16130,12/7/2023,1400,,
ECON,437,001,10210,12/7/2023,1900,KRF,110
ECON,100,001,10633,12/10/2023,1900,,
ECON,203,001,10634,12/12/2023,0900,HUM,117
ECON,308,001,10635,12/6/2023,1900,KRF,105
ECON,422,001,10636,12/8/2023,1400,,
ECON,210,001,10729,12/8/2023,1400,HRG,100
ECON,300,001,10992,12/7/2023,1900,KRF,125
ECON,305,001,10996,12/7/2023,1900,KRF,105
ECON,310,003,11309,12/11/2023,1900,,
ECON,200,001,11533,12/10/2023,1400,HRZ,212
ECON,483,001,12251,12/9/2023,1900,KRF,110
ECON,100,002,12878,12/11/2023,1400,,
ECON,100,003,12879,12/8/2023,1400,,
ECON,100,004,12880,12/9/2023,1900,,
ECON,200,002,12881,12/10/2023,1400,HRZ,212
ECON,203,002,12882,12/11/2023,1900,HUM,117
ECON,441,001,12883,12/11/2023,1400,,
ECON,485,001,12884,12/6/2023,0900,,
ECON,497,001,12885,12/10/2023,1900,KRF,102
ECON,209,001,13299,12/11/2023,1400,KRF,102
ECON,209,002,13300,12/7/2023,1900,HUM,117
ECON,209,004,13301,12/7/2023,1900,HUM,117
ECON,209,003,13302,12/7/2023,1900,HUM,117
ECON,209,005,13303,12/7/2023,1900,HUM,117
ECON,205,002,13512,12/6/2023,0900,,
ECON,435,002,13513,12/6/2023,0900,,
ECON,481,002,13515,12/12/2023,0900,KRF,110
ECON,307,002,15376,12/11/2023,1900,HRZ,210
EDUC,304,001,11592,12/6/2023,1900,,
EDUC,305,001,12307,12/6/2023,0900,,
MUSI,445,001,16054,12/12/2023,1900,,
MUSI,191,002,16443,12/12/2023,1900,,
MUSI,338,014,16474,12/12/2023,1900,,
MUSI,191,003,16445,12/12/2023,1900,,
MUSI,191,004,16446,12/12/2023,1900,,
MUSI,391,001,16447,12/12/2023,1900,,
MUSI,151,002,16448,12/12/2023,1900,,
MUSI,381,006,16420,12/12/2023,1900,,
MUSI,181,004,16432,12/12/2023,1900,,
NEUR,310,001,11147,12/12/2023,1900,,
NEUR,401,001,11148,12/12/2023,1900,,
NEUR,310,002,16377,12/12/2023,1900,,
PHIL,490,001,15523,12/12/2023,1900,,
PHIL,498,005,15831,12/12/2023,1900,,
PHYS,491,001,10080,12/12/2023,1900,,
PHYS,461,001,11634,12/12/2023,1900,,
PHYS,492,001,15354,12/12/2023,1900,,
POLI,405,001,10015,12/12/2023,1900,,
POLI,307,001,10287,12/12/2023,1900,,
PSYC,499,001,10099,12/12/2023,1900,,
RELI,403,004,11928,12/12/2023,1900,,
RELI,442,001,15158,12/12/2023,1900,,
RELI,401,001,16444,12/12/2023,1900,,
SOCI,403,011,10333,12/12/2023,1900,,
SOCI,492,002,13824,12/12/2023,1900,,
SOCI,492,006,16056,12/12/2023,1900,,
SOCI,492,007,16057,12/12/2023,1900,,
SOCI,492,008,16058,12/12/2023,1900,,
SPAN,323,901,12874,12/12/2023,1900,,
STAT,492,001,11692,12/12/2023,1900,,
STAT,490,007,13145,12/12/2023,1900,,
THEA,432,001,15801,12/12/2023,1900,,
THEA,435,001,16326,12/12/2023,1900,,
UNIV,301,001,10366,12/12/2023,1900,,
UNIV,295,001,10703,12/12/2023,1900,,
UNIV,212,901,12846,12/12/2023,1900,,
CEVE,499,003,11348,12/12/2023,1900,,
CEVE,499,004,11349,12/12/2023,1900,,
CEVE,499,009,11352,12/12/2023,1900,,
CEVE,499,011,16454,12/12/2023,1900,,
CEVE,499,018,16434,12/12/2023,1900,,
CEVE,499,012,16462,12/12/2023,1900,,
FILM,456,001,16281,12/12/2023,1900,,
CHBE,495,021,16388,12/12/2023,1900,,
ARTS,401,001,13280,12/8/2023,1900,,
PHYS,425,001,10079,12/11/2023,1400,BRK,103
HIST,319,001,15443,12/6/2023,1400,KRF,105
BIOS,118,001,13199,12/11/2023,1900,,